step,replicas,ready_replicas,latency_p90,cpu_pct,requests,success_rate,vcpu_minutes,scale_event,llm_model,llm_variant,llm_tokens_used,llm_latency_ms
0,3,3,67.2,42.9,551,1.0,0.75,0,dqn,rl,0,0
1,2,2,115.5,60.7,520,1.0,1.25,1,dqn,rl,0,0
2,2,2,107.5,58.2,499,1.0,1.75,0,dqn,rl,0,0
3,2,2,108.0,59.8,513,1.0,2.25,0,dqn,rl,0,0
4,2,2,104.4,60.5,519,1.0,2.75,0,dqn,rl,0,0
5,2,2,131.9,66.6,571,0.9999,3.25,0,dqn,rl,0,0
6,3,3,120.0,61.8,795,1.0,4.0,1,dqn,rl,0,0
7,4,4,92.9,54.4,933,1.0,5.0,1,dqn,rl,0,0
8,4,4,99.0,53.3,913,1.0,6.0,0,dqn,rl,0,0
9,4,4,83.7,49.5,848,1.0,7.0,0,dqn,rl,0,0
10,4,4,98.1,51.9,890,1.0,8.0,0,dqn,rl,0,0
11,4,4,92.4,51.9,889,1.0,9.0,0,dqn,rl,0,0
12,4,4,72.1,44.8,768,1.0,10.0,0,dqn,rl,0,0
13,4,4,77.8,45.6,782,1.0,11.0,0,dqn,rl,0,0
14,4,4,74.0,45.1,774,1.0,12.0,0,dqn,rl,0,0
15,4,4,76.5,46.1,790,1.0,13.0,0,dqn,rl,0,0
16,4,4,77.8,46.7,800,1.0,14.0,0,dqn,rl,0,0
17,4,4,91.4,52.3,896,1.0,15.0,0,dqn,rl,0,0
18,4,4,96.7,53.5,917,1.0,16.0,0,dqn,rl,0,0
19,4,4,99.6,54.4,933,1.0,17.0,0,dqn,rl,0,0
20,4,4,92.5,52.1,894,1.0,18.0,0,dqn,rl,0,0
21,4,4,95.1,51.6,885,1.0,19.0,0,dqn,rl,0,0
22,4,4,77.1,47.7,818,1.0,20.0,0,dqn,rl,0,0
23,4,4,75.5,46.3,793,1.0,21.0,0,dqn,rl,0,0
24,4,4,77.9,46.0,789,1.0,22.0,0,dqn,rl,0,0
25,4,4,76.2,47.2,809,1.0,23.0,0,dqn,rl,0,0
26,4,4,82.5,47.1,808,1.0,24.0,0,dqn,rl,0,0
27,4,4,88.4,50.2,860,1.0,25.0,0,dqn,rl,0,0
28,4,4,69.8,43.7,750,1.0,26.0,0,dqn,rl,0,0
29,4,4,71.4,43.8,751,1.0,27.0,0,dqn,rl,0,0
30,4,4,79.6,48.0,823,1.0,28.0,0,dqn,rl,0,0
31,4,4,73.1,46.2,792,1.0,29.0,0,dqn,rl,0,0
32,4,4,61.1,39.7,681,1.0,30.0,0,dqn,rl,0,0
33,3,3,95.6,52.7,678,1.0,30.75,1,dqn,rl,0,0
34,3,3,85.5,49.6,638,1.0,31.5,0,dqn,rl,0,0
35,3,3,79.2,47.3,608,1.0,32.25,0,dqn,rl,0,0
36,3,3,67.3,44.4,571,1.0,33.0,0,dqn,rl,0,0
37,2,2,142.8,73.4,629,0.9999,33.5,1,dqn,rl,0,0
38,3,3,79.3,47.8,614,1.0,34.25,1,dqn,rl,0,0
39,3,3,81.2,47.8,615,1.0,35.0,0,dqn,rl,0,0
40,3,3,96.9,52.7,678,1.0,35.75,0,dqn,rl,0,0
41,3,3,117.0,62.9,809,1.0,36.5,0,dqn,rl,0,0
42,4,4,64.7,42.2,724,1.0,37.5,1,dqn,rl,0,0
43,4,4,73.1,44.1,756,1.0,38.5,0,dqn,rl,0,0
44,4,4,67.2,42.7,732,1.0,39.5,0,dqn,rl,0,0
45,4,4,65.5,43.0,738,1.0,40.5,0,dqn,rl,0,0
46,4,4,64.4,40.7,697,1.0,41.5,0,dqn,rl,0,0
47,3,3,100.9,56.9,732,1.0,42.25,1,dqn,rl,0,0
48,4,4,78.5,47.5,815,1.0,43.25,1,dqn,rl,0,0
49,4,4,78.0,47.8,819,1.0,44.25,0,dqn,rl,0,0
50,4,4,83.9,48.8,836,1.0,45.25,0,dqn,rl,0,0
51,4,4,83.5,47.9,822,1.0,46.25,0,dqn,rl,0,0
52,4,4,62.9,41.2,707,1.0,47.25,0,dqn,rl,0,0
53,3,3,93.1,52.3,673,1.0,48.0,1,dqn,rl,0,0
54,3,3,83.0,49.2,633,1.0,48.75,0,dqn,rl,0,0
55,3,3,91.5,49.8,640,1.0,49.5,0,dqn,rl,0,0
56,3,3,85.9,48.5,623,1.0,50.25,0,dqn,rl,0,0
57,3,3,95.2,54.3,698,1.0,51.0,0,dqn,rl,0,0
58,3,3,76.9,45.9,590,1.0,51.75,0,dqn,rl,0,0
59,3,3,80.7,47.0,604,1.0,52.5,0,dqn,rl,0,0
60,3,3,99.4,54.8,704,1.0,53.25,0,dqn,rl,0,0
61,3,3,98.7,55.9,719,1.0,54.0,0,dqn,rl,0,0
62,3,3,105.6,57.9,745,1.0,54.75,0,dqn,rl,0,0
63,4,4,78.6,46.4,795,1.0,55.75,1,dqn,rl,0,0
64,4,4,77.6,46.3,793,1.0,56.75,0,dqn,rl,0,0
65,4,4,66.0,42.8,734,1.0,57.75,0,dqn,rl,0,0
66,4,4,65.3,41.5,712,1.0,58.75,0,dqn,rl,0,0
67,3,3,94.7,54.6,702,1.0,59.5,1,dqn,rl,0,0
68,3,3,96.6,56.8,730,1.0,60.25,0,dqn,rl,0,0
69,4,4,51.0,36.5,625,1.0,61.25,1,dqn,rl,0,0
70,3,3,99.1,54.1,695,1.0,62.0,1,dqn,rl,0,0
71,3,3,82.3,48.1,618,1.0,62.75,0,dqn,rl,0,0
72,3,3,71.9,43.2,556,1.0,63.5,0,dqn,rl,0,0
73,2,2,141.0,68.7,589,0.9999,64.0,1,dqn,rl,0,0
74,3,3,62.8,40.7,523,1.0,64.75,1,dqn,rl,0,0
75,2,2,136.8,70.8,607,0.9999,65.25,1,dqn,rl,0,0
76,3,3,115.7,61.8,794,1.0,66.0,1,dqn,rl,0,0
77,4,4,87.0,51.9,890,1.0,67.0,1,dqn,rl,0,0
78,4,4,112.1,60.3,1034,1.0,68.0,0,dqn,rl,0,0
79,4,4,156.6,77.2,1323,0.9999,69.0,0,dqn,rl,0,0
80,5,5,96.1,53.8,1152,1.0,70.25,1,dqn,rl,0,0
81,4,4,107.9,57.3,982,1.0,71.25,1,dqn,rl,0,0
82,4,4,79.2,49.4,847,1.0,72.25,0,dqn,rl,0,0
83,4,4,82.9,48.0,823,1.0,73.25,0,dqn,rl,0,0
84,4,4,86.3,50.6,868,1.0,74.25,0,dqn,rl,0,0
85,4,4,118.2,61.6,1056,1.0,75.25,0,dqn,rl,0,0
86,4,4,104.7,57.2,980,1.0,76.25,0,dqn,rl,0,0
87,4,4,91.8,53.4,916,1.0,77.25,0,dqn,rl,0,0
88,4,4,107.7,57.5,985,1.0,78.25,0,dqn,rl,0,0
89,4,4,98.7,55.9,958,1.0,79.25,0,dqn,rl,0,0
90,4,4,110.5,59.0,1011,1.0,80.25,0,dqn,rl,0,0
91,4,4,108.6,59.7,1023,1.0,81.25,0,dqn,rl,0,0
92,4,4,110.1,60.1,1031,1.0,82.25,0,dqn,rl,0,0
93,4,4,128.5,66.5,1140,0.9999,83.25,0,dqn,rl,0,0
94,4,4,115.6,59.2,1015,1.0,84.25,0,dqn,rl,0,0
95,4,4,107.7,57.7,989,1.0,85.25,0,dqn,rl,0,0
96,4,4,86.2,50.0,858,1.0,86.25,0,dqn,rl,0,0
97,4,4,85.3,48.1,824,1.0,87.25,0,dqn,rl,0,0
98,4,4,88.8,51.0,875,1.0,88.25,0,dqn,rl,0,0
99,4,4,92.5,52.8,906,1.0,89.25,0,dqn,rl,0,0
100,4,4,73.7,46.0,788,1.0,90.25,0,dqn,rl,0,0
101,4,4,71.1,44.0,754,1.0,91.25,0,dqn,rl,0,0
102,4,4,62.3,40.7,697,1.0,92.25,0,dqn,rl,0,0
103,3,3,100.9,56.7,729,1.0,93.0,1,dqn,rl,0,0
104,4,4,88.2,53.0,908,1.0,94.0,1,dqn,rl,0,0
105,4,4,87.6,50.7,870,1.0,95.0,0,dqn,rl,0,0
106,4,4,75.4,45.7,783,1.0,96.0,0,dqn,rl,0,0
107,4,4,75.0,46.0,788,1.0,97.0,0,dqn,rl,0,0
108,4,4,75.7,46.8,802,1.0,98.0,0,dqn,rl,0,0
109,4,4,75.4,46.8,802,1.0,99.0,0,dqn,rl,0,0
110,4,4,86.1,50.5,866,1.0,100.0,0,dqn,rl,0,0
111,4,4,93.8,51.6,884,1.0,101.0,0,dqn,rl,0,0
112,4,4,79.5,47.2,810,1.0,102.0,0,dqn,rl,0,0
113,4,4,77.2,48.1,824,1.0,103.0,0,dqn,rl,0,0
114,4,4,85.3,49.1,841,1.0,104.0,0,dqn,rl,0,0
115,4,4,74.1,45.7,783,1.0,105.0,0,dqn,rl,0,0
116,4,4,80.7,45.8,785,1.0,106.0,0,dqn,rl,0,0
117,4,4,67.4,42.9,736,1.0,107.0,0,dqn,rl,0,0
118,4,4,73.3,45.0,772,1.0,108.0,0,dqn,rl,0,0
119,4,4,66.0,42.0,720,1.0,109.0,0,dqn,rl,0,0
120,3,3,131.9,67.5,868,0.9999,109.75,1,dqn,rl,0,0
121,4,4,104.9,57.4,984,1.0,110.75,1,dqn,rl,0,0
122,4,4,92.0,52.3,896,1.0,111.75,0,dqn,rl,0,0
123,4,4,86.1,50.2,861,1.0,112.75,0,dqn,rl,0,0
124,4,4,85.7,50.4,864,1.0,113.75,0,dqn,rl,0,0
125,4,4,96.9,54.7,938,1.0,114.75,0,dqn,rl,0,0
126,4,4,102.9,58.2,997,1.0,115.75,0,dqn,rl,0,0
127,4,4,83.6,49.5,849,1.0,116.75,0,dqn,rl,0,0
128,4,4,75.8,46.5,798,1.0,117.75,0,dqn,rl,0,0
129,4,4,68.8,43.6,747,1.0,118.75,0,dqn,rl,0,0
130,4,4,85.8,50.3,863,1.0,119.75,0,dqn,rl,0,0
131,4,4,99.1,55.3,948,1.0,120.75,0,dqn,rl,0,0
132,4,4,109.8,58.8,1008,1.0,121.75,0,dqn,rl,0,0
133,4,4,109.5,59.7,1023,1.0,122.75,0,dqn,rl,0,0
134,4,4,129.2,66.8,1145,0.9999,123.75,0,dqn,rl,0,0
135,4,4,126.2,65.4,1121,1.0,124.75,0,dqn,rl,0,0
136,4,4,150.7,75.4,1293,0.9999,125.75,0,dqn,rl,0,0
137,5,5,111.0,60.1,1287,1.0,127.0,1,dqn,rl,0,0
138,5,5,123.6,64.3,1377,1.0,128.25,0,dqn,rl,0,0
139,5,5,125.5,68.1,1459,0.9999,129.5,0,dqn,rl,0,0
140,6,6,129.2,66.0,1696,1.0,131.0,1,dqn,rl,0,0
141,8,8,85.3,50.2,1720,1.0,133.0,1,dqn,rl,0,0
142,8,8,89.0,55.5,1904,1.0,135.0,0,dqn,rl,0,0
143,8,8,130.4,66.6,2283,0.9999,137.0,0,dqn,rl,0,0
144,13,13,79.8,47.9,2668,1.0,140.25,1,dqn,rl,0,0
145,13,13,95.4,51.7,2882,1.0,143.5,0,dqn,rl,0,0
146,13,13,105.2,57.6,3211,1.0,146.75,0,dqn,rl,0,0
147,13,13,119.7,62.1,3461,1.0,150.0,0,dqn,rl,0,0
148,13,13,130.1,64.7,3607,1.0,153.25,0,dqn,rl,0,0
149,13,13,127.0,65.7,3659,0.9999,156.5,0,dqn,rl,0,0
150,13,13,134.2,68.6,3823,0.9999,159.75,0,dqn,rl,0,0
151,13,13,140.0,69.4,3866,0.9999,163.0,0,dqn,rl,0,0
152,13,13,141.5,67.8,3775,0.9999,166.25,0,dqn,rl,0,0
153,13,13,128.9,63.7,3550,1.0,169.5,0,dqn,rl,0,0
154,13,13,121.1,60.5,3373,1.0,172.75,0,dqn,rl,0,0
155,13,13,112.4,58.7,3268,1.0,176.0,0,dqn,rl,0,0
156,13,13,105.2,55.9,3112,1.0,179.25,0,dqn,rl,0,0
157,13,13,99.4,53.0,2955,1.0,182.5,0,dqn,rl,0,0
158,13,13,94.4,51.7,2880,1.0,185.75,0,dqn,rl,0,0
159,13,13,86.2,50.0,2786,1.0,189.0,0,dqn,rl,0,0
160,13,13,84.6,47.9,2666,1.0,192.25,0,dqn,rl,0,0
161,13,13,73.4,44.8,2494,1.0,195.5,0,dqn,rl,0,0
162,13,13,67.1,42.6,2375,1.0,198.75,0,dqn,rl,0,0
163,13,13,64.0,40.7,2270,1.0,202.0,0,dqn,rl,0,0
164,13,13,57.6,38.6,2148,1.0,205.25,0,dqn,rl,0,0
165,13,13,54.4,36.8,2053,1.0,208.5,0,dqn,rl,0,0
166,13,13,50.9,33.2,1852,1.0,211.75,0,dqn,rl,0,0
167,8,8,83.7,49.5,1696,1.0,213.75,1,dqn,rl,0,0
168,8,8,79.6,47.5,1628,1.0,215.75,0,dqn,rl,0,0
169,8,8,77.2,47.0,1612,1.0,217.75,0,dqn,rl,0,0
170,8,8,78.5,47.3,1622,1.0,219.75,0,dqn,rl,0,0
171,8,8,73.1,43.9,1504,1.0,221.75,0,dqn,rl,0,0
172,8,8,54.4,37.5,1287,1.0,223.75,0,dqn,rl,0,0
173,5,5,102.4,56.9,1220,1.0,225.0,1,dqn,rl,0,0
174,5,5,92.2,52.8,1131,1.0,226.25,0,dqn,rl,0,0
175,4,4,117.4,63.2,1083,1.0,227.25,1,dqn,rl,0,0
176,4,4,114.1,61.3,1051,1.0,228.25,0,dqn,rl,0,0
177,4,4,95.7,55.6,953,1.0,229.25,0,dqn,rl,0,0
178,4,4,94.0,52.4,899,1.0,230.25,0,dqn,rl,0,0
179,4,4,94.6,53.7,920,1.0,231.25,0,dqn,rl,0,0
180,4,4,112.1,59.4,1018,1.0,232.25,0,dqn,rl,0,0
181,4,4,108.9,57.8,991,1.0,233.25,0,dqn,rl,0,0
182,4,4,102.2,56.0,960,1.0,234.25,0,dqn,rl,0,0
183,4,4,89.9,52.6,902,1.0,235.25,0,dqn,rl,0,0
184,4,4,91.3,53.4,916,1.0,236.25,0,dqn,rl,0,0
185,4,4,97.0,53.4,915,1.0,237.25,0,dqn,rl,0,0
186,4,4,82.0,47.6,816,1.0,238.25,0,dqn,rl,0,0
187,4,4,60.0,40.8,700,1.0,239.25,0,dqn,rl,0,0
188,3,3,91.5,53.2,684,1.0,240.0,1,dqn,rl,0,0
189,3,3,97.3,53.2,684,1.0,240.75,0,dqn,rl,0,0
190,3,3,118.1,62.5,804,1.0,241.5,0,dqn,rl,0,0
191,4,4,69.9,42.1,722,1.0,242.5,1,dqn,rl,0,0
192,3,3,91.5,51.6,663,1.0,243.25,1,dqn,rl,0,0
193,3,3,107.9,57.5,739,1.0,244.0,0,dqn,rl,0,0
194,4,4,71.8,44.4,762,1.0,245.0,1,dqn,rl,0,0
195,4,4,71.2,44.5,763,1.0,246.0,0,dqn,rl,0,0
196,4,4,67.8,44.0,755,1.0,247.0,0,dqn,rl,0,0
197,4,4,68.3,45.4,778,1.0,248.0,0,dqn,rl,0,0
198,4,4,59.7,39.0,669,1.0,249.0,0,dqn,rl,0,0
199,3,3,102.0,55.4,712,1.0,249.75,1,dqn,rl,0,0
200,3,3,97.2,55.0,707,1.0,250.5,0,dqn,rl,0,0
201,3,3,105.9,56.5,727,1.0,251.25,0,dqn,rl,0,0
202,3,3,104.9,59.3,763,1.0,252.0,0,dqn,rl,0,0
203,4,4,82.6,47.1,808,1.0,253.0,1,dqn,rl,0,0
204,4,4,90.7,51.3,880,1.0,254.0,0,dqn,rl,0,0
205,4,4,108.0,56.6,971,1.0,255.0,0,dqn,rl,0,0
206,4,4,105.1,59.7,1024,1.0,256.0,0,dqn,rl,0,0
207,4,4,96.2,52.4,899,1.0,257.0,0,dqn,rl,0,0
208,4,4,91.4,51.1,876,1.0,258.0,0,dqn,rl,0,0
209,4,4,92.9,52.3,897,1.0,259.0,0,dqn,rl,0,0
210,4,4,95.3,54.7,937,1.0,260.0,0,dqn,rl,0,0
211,4,4,88.1,50.4,864,1.0,261.0,0,dqn,rl,0,0
212,4,4,83.8,48.8,837,1.0,262.0,0,dqn,rl,0,0
213,4,4,68.6,43.6,748,1.0,263.0,0,dqn,rl,0,0
214,4,4,53.4,38.3,656,1.0,264.0,0,dqn,rl,0,0
215,3,3,92.5,53.7,691,1.0,264.75,1,dqn,rl,0,0
216,3,3,88.8,51.6,664,1.0,265.5,0,dqn,rl,0,0
217,3,3,90.3,50.5,649,1.0,266.25,0,dqn,rl,0,0
218,3,3,104.8,56.0,720,1.0,267.0,0,dqn,rl,0,0
219,3,3,124.2,62.7,806,1.0,267.75,0,dqn,rl,0,0
220,4,4,84.5,48.9,838,1.0,268.75,1,dqn,rl,0,0
221,4,4,85.5,51.3,879,1.0,269.75,0,dqn,rl,0,0
222,4,4,88.5,51.7,887,1.0,270.75,0,dqn,rl,0,0
223,4,4,76.1,47.1,808,1.0,271.75,0,dqn,rl,0,0
224,4,4,89.4,51.6,884,1.0,272.75,0,dqn,rl,0,0
225,4,4,85.3,48.4,829,1.0,273.75,0,dqn,rl,0,0
226,4,4,79.6,47.6,816,1.0,274.75,0,dqn,rl,0,0
227,4,4,82.5,49.0,840,1.0,275.75,0,dqn,rl,0,0
228,4,4,92.4,51.9,890,1.0,276.75,0,dqn,rl,0,0
229,4,4,101.7,55.3,948,1.0,277.75,0,dqn,rl,0,0
230,4,4,90.6,50.7,870,1.0,278.75,0,dqn,rl,0,0
231,4,4,82.2,49.4,847,1.0,279.75,0,dqn,rl,0,0
232,4,4,88.1,51.7,887,1.0,280.75,0,dqn,rl,0,0
233,4,4,88.7,51.5,883,1.0,281.75,0,dqn,rl,0,0
234,4,4,91.8,51.4,882,1.0,282.75,0,dqn,rl,0,0
235,4,4,90.1,51.4,881,1.0,283.75,0,dqn,rl,0,0
236,4,4,91.3,53.1,911,1.0,284.75,0,dqn,rl,0,0
237,4,4,109.0,56.8,973,1.0,285.75,0,dqn,rl,0,0
238,4,4,96.3,54.7,937,1.0,286.75,0,dqn,rl,0,0
239,4,4,87.7,50.7,870,1.0,287.75,0,dqn,rl,0,0
240,4,4,85.1,49.7,852,1.0,288.75,0,dqn,rl,0,0
241,4,4,84.3,50.1,859,1.0,289.75,0,dqn,rl,0,0
242,4,4,64.9,41.8,716,1.0,290.75,0,dqn,rl,0,0
243,3,3,121.0,63.7,819,1.0,291.5,1,dqn,rl,0,0
244,4,4,112.6,60.1,1031,1.0,292.5,1,dqn,rl,0,0
245,4,4,113.5,60.4,1036,1.0,293.5,0,dqn,rl,0,0
246,4,4,104.7,58.0,995,1.0,294.5,0,dqn,rl,0,0
247,4,4,104.6,58.5,1003,1.0,295.5,0,dqn,rl,0,0
248,4,4,85.6,48.7,835,1.0,296.5,0,dqn,rl,0,0
249,4,4,93.9,53.3,914,1.0,297.5,0,dqn,rl,0,0
250,4,4,106.7,56.8,974,1.0,298.5,0,dqn,rl,0,0
251,4,4,104.3,56.6,971,1.0,299.5,0,dqn,rl,0,0
252,4,4,101.6,53.1,911,1.0,300.5,0,dqn,rl,0,0
253,4,4,91.9,52.4,898,1.0,301.5,0,dqn,rl,0,0
254,4,4,86.6,52.0,891,1.0,302.5,0,dqn,rl,0,0
255,4,4,93.1,53.1,911,1.0,303.5,0,dqn,rl,0,0
256,4,4,86.8,49.1,841,1.0,304.5,0,dqn,rl,0,0
257,4,4,93.2,50.8,871,1.0,305.5,0,dqn,rl,0,0
258,4,4,89.2,49.5,848,1.0,306.5,0,dqn,rl,0,0
259,4,4,84.1,48.5,832,1.0,307.5,0,dqn,rl,0,0
260,4,4,85.7,48.3,828,1.0,308.5,0,dqn,rl,0,0
261,4,4,82.3,49.5,848,1.0,309.5,0,dqn,rl,0,0
262,4,4,85.1,50.2,860,1.0,310.5,0,dqn,rl,0,0
263,4,4,84.3,50.2,861,1.0,311.5,0,dqn,rl,0,0
264,4,4,78.6,46.5,797,1.0,312.5,0,dqn,rl,0,0
265,4,4,78.1,45.7,783,1.0,313.5,0,dqn,rl,0,0
266,4,4,67.1,42.5,729,1.0,314.5,0,dqn,rl,0,0
267,4,4,63.5,40.9,701,1.0,315.5,0,dqn,rl,0,0
268,3,3,93.2,53.3,685,1.0,316.25,1,dqn,rl,0,0
269,3,3,105.7,58.2,748,1.0,317.0,0,dqn,rl,0,0
270,4,4,76.2,46.0,788,1.0,318.0,1,dqn,rl,0,0
271,4,4,83.4,47.4,813,1.0,319.0,0,dqn,rl,0,0
272,4,4,78.7,46.6,799,1.0,320.0,0,dqn,rl,0,0
273,4,4,73.5,44.6,764,1.0,321.0,0,dqn,rl,0,0
274,4,4,69.9,42.8,733,1.0,322.0,0,dqn,rl,0,0
275,4,4,66.3,41.8,716,1.0,323.0,0,dqn,rl,0,0
276,3,3,94.2,54.0,694,1.0,323.75,1,dqn,rl,0,0
277,3,3,99.6,53.4,686,1.0,324.5,0,dqn,rl,0,0
278,3,3,100.0,55.6,715,1.0,325.25,0,dqn,rl,0,0
279,3,3,103.8,56.9,732,1.0,326.0,0,dqn,rl,0,0
280,4,4,71.0,44.1,756,1.0,327.0,1,dqn,rl,0,0
281,4,4,67.8,42.3,726,1.0,328.0,0,dqn,rl,0,0
282,4,4,73.2,45.1,773,1.0,329.0,0,dqn,rl,0,0
283,4,4,62.7,40.6,696,1.0,330.0,0,dqn,rl,0,0
284,3,3,102.2,54.4,699,1.0,330.75,1,dqn,rl,0,0
285,3,3,102.6,57.5,739,1.0,331.5,0,dqn,rl,0,0
286,4,4,125.9,68.4,1173,0.9999,332.5,1,dqn,rl,0,0
287,4,4,136.2,67.6,1159,0.9999,333.5,0,dqn,rl,0,0
288,4,4,109.8,59.0,1011,1.0,334.5,0,dqn,rl,0,0
289,4,4,119.7,62.3,1068,1.0,335.5,0,dqn,rl,0,0
290,4,4,112.4,59.4,1019,1.0,336.5,0,dqn,rl,0,0
291,4,4,107.8,59.0,1012,1.0,337.5,0,dqn,rl,0,0
292,4,4,97.0,54.1,927,1.0,338.5,0,dqn,rl,0,0
293,4,4,81.9,50.0,858,1.0,339.5,0,dqn,rl,0,0
294,4,4,79.0,47.2,810,1.0,340.5,0,dqn,rl,0,0
295,4,4,84.3,49.2,843,1.0,341.5,0,dqn,rl,0,0
296,4,4,89.2,52.5,900,1.0,342.5,0,dqn,rl,0,0
297,4,4,81.2,48.7,835,1.0,343.5,0,dqn,rl,0,0
298,4,4,80.1,47.7,818,1.0,344.5,0,dqn,rl,0,0
299,4,4,86.2,49.7,852,1.0,345.5,0,dqn,rl,0,0
300,4,4,84.3,49.5,848,1.0,346.5,0,dqn,rl,0,0
301,4,4,91.4,50.6,868,1.0,347.5,0,dqn,rl,0,0
302,4,4,90.1,50.8,871,1.0,348.5,0,dqn,rl,0,0
303,4,4,82.7,47.9,821,1.0,349.5,0,dqn,rl,0,0
304,4,4,83.8,50.9,873,1.0,350.5,0,dqn,rl,0,0
305,4,4,85.1,50.0,857,1.0,351.5,0,dqn,rl,0,0
306,4,4,97.7,54.4,932,1.0,352.5,0,dqn,rl,0,0
307,4,4,94.0,53.5,918,1.0,353.5,0,dqn,rl,0,0
308,4,4,79.4,47.1,808,1.0,354.5,0,dqn,rl,0,0
309,4,4,84.8,50.0,858,1.0,355.5,0,dqn,rl,0,0
310,4,4,88.0,51.6,885,1.0,356.5,0,dqn,rl,0,0
311,4,4,94.6,53.4,916,1.0,357.5,0,dqn,rl,0,0
312,4,4,100.8,55.7,955,1.0,358.5,0,dqn,rl,0,0
313,4,4,95.1,53.9,924,1.0,359.5,0,dqn,rl,0,0
314,4,4,80.2,47.7,818,1.0,360.5,0,dqn,rl,0,0
315,4,4,80.5,46.9,804,1.0,361.5,0,dqn,rl,0,0
316,4,4,75.2,45.3,776,1.0,362.5,0,dqn,rl,0,0
317,4,4,82.4,47.8,819,1.0,363.5,0,dqn,rl,0,0
318,4,4,69.9,43.2,740,1.0,364.5,0,dqn,rl,0,0
319,4,4,60.9,40.1,688,1.0,365.5,0,dqn,rl,0,0
320,3,3,97.0,54.7,703,1.0,366.25,1,dqn,rl,0,0
321,3,3,94.4,51.3,660,1.0,367.0,0,dqn,rl,0,0
322,3,3,85.4,49.5,637,1.0,367.75,0,dqn,rl,0,0
323,3,3,99.7,54.4,700,1.0,368.5,0,dqn,rl,0,0
324,3,3,97.0,55.0,707,1.0,369.25,0,dqn,rl,0,0
325,3,3,207.0,96.1,1236,0.9993,370.0,0,dqn,rl,0,0
326,4,4,123.4,66.4,1139,0.9999,371.0,1,dqn,rl,0,0
327,4,4,126.9,66.4,1139,0.9999,372.0,0,dqn,rl,0,0
328,4,4,122.8,66.1,1134,1.0,373.0,0,dqn,rl,0,0
329,4,4,120.2,62.3,1068,1.0,374.0,0,dqn,rl,0,0
330,4,4,113.4,61.3,1051,1.0,375.0,0,dqn,rl,0,0
331,4,4,100.7,56.3,965,1.0,376.0,0,dqn,rl,0,0
332,4,4,165.2,77.3,1325,0.9999,377.0,0,dqn,rl,0,0
333,5,5,108.9,59.5,1274,1.0,378.25,1,dqn,rl,0,0
334,5,5,100.9,56.4,1208,1.0,379.5,0,dqn,rl,0,0
335,4,4,172.3,78.0,1337,0.9998,380.5,1,dqn,rl,0,0
336,5,5,133.4,67.8,1453,0.9999,381.75,1,dqn,rl,0,0
337,6,6,100.5,55.5,1428,1.0,383.25,1,dqn,rl,0,0
338,5,5,114.6,61.8,1324,1.0,384.5,1,dqn,rl,0,0
339,5,5,138.6,68.5,1468,0.9999,385.75,0,dqn,rl,0,0
340,6,6,98.7,53.6,1378,1.0,387.25,1,dqn,rl,0,0
341,5,5,111.1,63.2,1354,1.0,388.5,1,dqn,rl,0,0
342,5,5,121.5,63.9,1370,1.0,389.75,0,dqn,rl,0,0
343,5,5,112.2,59.9,1284,1.0,391.0,0,dqn,rl,0,0
344,5,5,101.1,55.2,1183,1.0,392.25,0,dqn,rl,0,0
345,4,4,168.9,83.5,1431,0.9998,393.25,1,dqn,rl,0,0
346,6,6,102.2,56.3,1449,1.0,394.75,1,dqn,rl,0,0
347,6,6,103.1,54.7,1406,1.0,396.25,0,dqn,rl,0,0
348,5,5,121.2,62.2,1333,1.0,397.5,1,dqn,rl,0,0
349,5,5,106.6,59.3,1271,1.0,398.75,0,dqn,rl,0,0
350,5,5,120.0,62.8,1346,1.0,400.0,0,dqn,rl,0,0
351,5,5,98.5,55.7,1194,1.0,401.25,0,dqn,rl,0,0
352,4,4,147.3,72.3,1239,0.9999,402.25,1,dqn,rl,0,0
353,4,4,105.2,61.4,1053,1.0,403.25,0,dqn,rl,0,0
354,4,4,126.6,64.5,1106,1.0,404.25,0,dqn,rl,0,0
355,4,4,119.7,62.8,1076,1.0,405.25,0,dqn,rl,0,0
356,4,4,118.0,61.1,1047,1.0,406.25,0,dqn,rl,0,0
357,4,4,113.7,62.4,1070,1.0,407.25,0,dqn,rl,0,0
358,4,4,108.5,59.1,1013,1.0,408.25,0,dqn,rl,0,0
359,4,4,104.4,58.5,1003,1.0,409.25,0,dqn,rl,0,0
360,4,4,114.5,60.4,1036,1.0,410.25,0,dqn,rl,0,0
361,4,4,151.2,74.5,1278,0.9999,411.25,0,dqn,rl,0,0
362,4,4,155.6,73.4,1259,0.9999,412.25,0,dqn,rl,0,0
363,4,4,161.8,77.4,1327,0.9999,413.25,0,dqn,rl,0,0
364,5,5,126.5,69.1,1481,0.9999,414.5,1,dqn,rl,0,0
365,6,6,98.5,54.4,1399,1.0,416.0,1,dqn,rl,0,0
366,5,5,110.1,59.2,1268,1.0,417.25,1,dqn,rl,0,0
367,5,5,104.0,55.7,1194,1.0,418.5,0,dqn,rl,0,0
368,4,4,130.8,66.3,1137,1.0,419.5,1,dqn,rl,0,0
369,4,4,135.1,70.2,1203,0.9999,420.5,0,dqn,rl,0,0
370,4,4,144.3,72.9,1249,0.9999,421.5,0,dqn,rl,0,0
371,4,4,226.5,96.8,1660,0.9993,422.5,0,dqn,rl,0,0
372,13,13,49.3,30.9,1720,1.0,425.75,1,dqn,rl,0,0
373,8,8,93.3,52.6,1802,1.0,427.75,1,dqn,rl,0,0
374,8,8,92.3,53.5,1833,1.0,429.75,0,dqn,rl,0,0
375,8,8,102.2,54.9,1883,1.0,431.75,0,dqn,rl,0,0
376,8,8,107.7,57.0,1954,1.0,433.75,0,dqn,rl,0,0
377,8,8,110.2,59.3,2033,1.0,435.75,0,dqn,rl,0,0
378,13,13,52.9,37.3,2078,1.0,439.0,1,dqn,rl,0,0
379,13,13,51.5,36.5,2036,1.0,442.25,0,dqn,rl,0,0
380,13,13,50.7,36.1,2009,1.0,445.5,0,dqn,rl,0,0
381,13,13,50.4,35.8,1994,1.0,448.75,0,dqn,rl,0,0
382,13,13,51.1,33.9,1887,1.0,452.0,0,dqn,rl,0,0
383,8,8,81.1,49.4,1694,1.0,454.0,1,dqn,rl,0,0
384,8,8,74.0,46.3,1588,1.0,456.0,0,dqn,rl,0,0
385,8,8,72.1,45.3,1552,1.0,458.0,0,dqn,rl,0,0
386,8,8,77.5,45.8,1570,1.0,460.0,0,dqn,rl,0,0
387,8,8,67.8,43.7,1500,1.0,462.0,0,dqn,rl,0,0
388,8,8,76.8,46.1,1582,1.0,464.0,0,dqn,rl,0,0
389,8,8,76.9,45.6,1562,1.0,466.0,0,dqn,rl,0,0
390,8,8,67.7,44.0,1507,1.0,468.0,0,dqn,rl,0,0
391,8,8,62.8,42.3,1452,1.0,470.0,0,dqn,rl,0,0
392,6,6,95.8,56.1,1442,1.0,471.5,1,dqn,rl,0,0
393,6,6,105.5,57.0,1467,1.0,473.0,0,dqn,rl,0,0
394,6,6,107.8,58.1,1494,1.0,474.5,0,dqn,rl,0,0
395,6,6,109.8,59.7,1535,1.0,476.0,0,dqn,rl,0,0
396,6,6,102.9,58.0,1491,1.0,477.5,0,dqn,rl,0,0
397,6,6,112.8,60.5,1556,1.0,479.0,0,dqn,rl,0,0
398,6,6,100.1,57.5,1478,1.0,480.5,0,dqn,rl,0,0
399,6,6,110.5,59.1,1520,1.0,482.0,0,dqn,rl,0,0
400,6,6,105.4,57.6,1482,1.0,483.5,0,dqn,rl,0,0
401,6,6,99.4,55.3,1422,1.0,485.0,0,dqn,rl,0,0
402,5,5,144.4,70.5,1510,0.9999,486.25,1,dqn,rl,0,0
403,6,6,96.6,55.4,1425,1.0,487.75,1,dqn,rl,0,0
404,5,5,131.7,69.6,1492,0.9999,489.0,1,dqn,rl,0,0
405,6,6,96.4,53.6,1379,1.0,490.5,1,dqn,rl,0,0
406,5,5,124.1,63.5,1360,1.0,491.75,1,dqn,rl,0,0
407,5,5,108.7,60.2,1291,1.0,493.0,0,dqn,rl,0,0
408,5,5,112.9,62.1,1330,1.0,494.25,0,dqn,rl,0,0
409,5,5,127.1,66.4,1423,1.0,495.5,0,dqn,rl,0,0
410,5,5,138.7,69.7,1493,0.9999,496.75,0,dqn,rl,0,0
411,6,6,99.9,56.4,1451,1.0,498.25,1,dqn,rl,0,0
412,6,6,109.1,57.9,1490,1.0,499.75,0,dqn,rl,0,0
413,6,6,100.8,53.5,1375,1.0,501.25,0,dqn,rl,0,0
414,5,5,111.0,60.1,1287,1.0,502.5,1,dqn,rl,0,0
415,5,5,95.8,54.5,1168,1.0,503.75,0,dqn,rl,0,0
416,4,4,143.0,68.9,1181,0.9999,504.75,1,dqn,rl,0,0
417,4,4,136.3,71.8,1231,0.9999,505.75,0,dqn,rl,0,0
418,4,4,132.4,66.6,1141,0.9999,506.75,0,dqn,rl,0,0
419,4,4,115.6,60.4,1035,1.0,507.75,0,dqn,rl,0,0
420,4,4,115.2,63.7,1092,1.0,508.75,0,dqn,rl,0,0
421,4,4,147.8,72.9,1249,0.9999,509.75,0,dqn,rl,0,0
422,4,4,178.7,82.2,1409,0.9998,510.75,0,dqn,rl,0,0
423,6,6,81.2,48.5,1247,1.0,512.25,1,dqn,rl,0,0
424,5,5,101.2,59.0,1265,1.0,513.5,1,dqn,rl,0,0
425,5,5,103.7,58.1,1244,1.0,514.75,0,dqn,rl,0,0
426,5,5,101.8,54.1,1159,1.0,516.0,0,dqn,rl,0,0
427,4,4,147.5,75.6,1296,0.9999,517.0,1,dqn,rl,0,0
428,5,5,130.6,66.1,1416,1.0,518.25,1,dqn,rl,0,0
429,5,5,108.6,60.7,1301,1.0,519.5,0,dqn,rl,0,0
430,5,5,98.7,55.7,1193,1.0,520.75,0,dqn,rl,0,0
431,4,4,165.7,81.6,1400,0.9998,521.75,1,dqn,rl,0,0
432,5,5,111.9,60.4,1295,1.0,523.0,1,dqn,rl,0,0
433,5,5,98.5,54.4,1166,1.0,524.25,0,dqn,rl,0,0
434,4,4,133.6,68.6,1176,0.9999,525.25,1,dqn,rl,0,0
435,4,4,132.3,69.5,1192,0.9999,526.25,0,dqn,rl,0,0
436,4,4,130.5,67.6,1159,0.9999,527.25,0,dqn,rl,0,0
437,4,4,134.7,69.4,1189,0.9999,528.25,0,dqn,rl,0,0
438,4,4,125.3,66.1,1133,1.0,529.25,0,dqn,rl,0,0
439,4,4,120.1,64.3,1102,1.0,530.25,0,dqn,rl,0,0
440,4,4,115.7,62.7,1075,1.0,531.25,0,dqn,rl,0,0
441,4,4,107.7,58.3,999,1.0,532.25,0,dqn,rl,0,0
442,4,4,117.8,59.8,1025,1.0,533.25,0,dqn,rl,0,0
443,4,4,109.0,59.0,1012,1.0,534.25,0,dqn,rl,0,0
444,4,4,107.3,58.2,997,1.0,535.25,0,dqn,rl,0,0
445,4,4,124.3,66.4,1138,1.0,536.25,0,dqn,rl,0,0
446,4,4,133.6,69.5,1192,0.9999,537.25,0,dqn,rl,0,0
447,4,4,161.8,76.6,1313,0.9999,538.25,0,dqn,rl,0,0
448,5,5,117.9,63.1,1352,1.0,539.5,1,dqn,rl,0,0
449,5,5,113.0,60.2,1289,1.0,540.75,0,dqn,rl,0,0
450,5,5,112.4,59.4,1272,1.0,542.0,0,dqn,rl,0,0
451,5,5,100.2,56.3,1207,1.0,543.25,0,dqn,rl,0,0
452,4,4,129.9,65.7,1126,1.0,544.25,1,dqn,rl,0,0
453,4,4,104.2,56.3,966,1.0,545.25,0,dqn,rl,0,0
454,4,4,104.4,56.6,970,1.0,546.25,0,dqn,rl,0,0
455,4,4,127.3,67.5,1158,0.9999,547.25,0,dqn,rl,0,0
456,4,4,139.0,70.5,1208,0.9999,548.25,0,dqn,rl,0,0
457,4,4,116.9,65.0,1114,1.0,549.25,0,dqn,rl,0,0
458,4,4,110.3,59.5,1020,1.0,550.25,0,dqn,rl,0,0
459,4,4,137.3,69.9,1198,0.9999,551.25,0,dqn,rl,0,0
460,4,4,125.5,66.2,1135,1.0,552.25,0,dqn,rl,0,0
461,4,4,112.9,60.2,1032,1.0,553.25,0,dqn,rl,0,0
462,4,4,106.4,60.0,1028,1.0,554.25,0,dqn,rl,0,0
463,4,4,101.5,57.0,978,1.0,555.25,0,dqn,rl,0,0
464,4,4,97.9,56.5,969,1.0,556.25,0,dqn,rl,0,0
465,4,4,102.5,56.5,968,1.0,557.25,0,dqn,rl,0,0
466,4,4,104.1,57.8,991,1.0,558.25,0,dqn,rl,0,0
467,4,4,119.0,61.7,1058,1.0,559.25,0,dqn,rl,0,0
468,4,4,110.6,60.8,1043,1.0,560.25,0,dqn,rl,0,0
469,4,4,100.3,55.1,945,1.0,561.25,0,dqn,rl,0,0
470,4,4,99.0,55.2,947,1.0,562.25,0,dqn,rl,0,0
471,4,4,117.9,62.3,1068,1.0,563.25,0,dqn,rl,0,0
472,4,4,111.8,59.3,1017,1.0,564.25,0,dqn,rl,0,0
473,4,4,105.3,55.9,958,1.0,565.25,0,dqn,rl,0,0
474,4,4,111.4,58.4,1002,1.0,566.25,0,dqn,rl,0,0
475,4,4,105.2,59.4,1019,1.0,567.25,0,dqn,rl,0,0
476,4,4,112.1,59.8,1025,1.0,568.25,0,dqn,rl,0,0
477,4,4,104.0,58.6,1004,1.0,569.25,0,dqn,rl,0,0
478,4,4,117.1,62.0,1063,1.0,570.25,0,dqn,rl,0,0
479,4,4,120.8,65.1,1116,1.0,571.25,0,dqn,rl,0,0
480,4,4,156.1,75.5,1294,0.9999,572.25,0,dqn,rl,0,0
481,5,5,145.2,71.9,1540,0.9999,573.5,1,dqn,rl,0,0
482,6,6,101.2,56.1,1442,1.0,575.0,1,dqn,rl,0,0
483,6,6,88.5,52.1,1341,1.0,576.5,0,dqn,rl,0,0
484,5,5,110.4,62.0,1328,1.0,577.75,1,dqn,rl,0,0
485,5,5,116.3,64.1,1373,1.0,579.0,0,dqn,rl,0,0
486,5,5,121.0,64.4,1379,1.0,580.25,0,dqn,rl,0,0
487,5,5,114.9,60.8,1303,1.0,581.5,0,dqn,rl,0,0
488,5,5,102.6,55.6,1191,1.0,582.75,0,dqn,rl,0,0
489,4,4,134.3,67.5,1158,0.9999,583.75,1,dqn,rl,0,0
490,4,4,116.8,63.6,1091,1.0,584.75,0,dqn,rl,0,0
491,4,4,116.4,62.3,1068,1.0,585.75,0,dqn,rl,0,0
492,4,4,116.9,61.2,1050,1.0,586.75,0,dqn,rl,0,0
493,4,4,144.0,71.9,1232,0.9999,587.75,0,dqn,rl,0,0
494,4,4,141.6,72.0,1235,0.9999,588.75,0,dqn,rl,0,0
495,4,4,131.6,70.1,1201,0.9999,589.75,0,dqn,rl,0,0
496,4,4,149.5,72.0,1234,0.9999,590.75,0,dqn,rl,0,0
497,4,4,147.8,74.3,1273,0.9999,591.75,0,dqn,rl,0,0
498,4,4,149.2,77.4,1327,0.9999,592.75,0,dqn,rl,0,0
499,5,5,108.8,58.8,1259,1.0,594.0,1,dqn,rl,0,0
500,5,5,96.5,54.0,1158,1.0,595.25,0,dqn,rl,0,0
501,4,4,118.4,63.2,1084,1.0,596.25,1,dqn,rl,0,0
502,4,4,132.4,68.5,1175,0.9999,597.25,0,dqn,rl,0,0
503,4,4,141.9,74.0,1268,0.9999,598.25,0,dqn,rl,0,0
504,4,4,159.1,76.1,1304,0.9999,599.25,0,dqn,rl,0,0
505,5,5,112.2,60.7,1301,1.0,600.5,1,dqn,rl,0,0
506,5,5,95.7,56.3,1207,1.0,601.75,0,dqn,rl,0,0
507,4,4,163.6,80.3,1376,0.9998,602.75,1,dqn,rl,0,0
508,5,5,99.4,58.9,1262,1.0,604.0,1,dqn,rl,0,0
509,5,5,101.9,56.3,1206,1.0,605.25,0,dqn,rl,0,0
510,4,4,138.0,71.7,1230,0.9999,606.25,1,dqn,rl,0,0
511,4,4,134.8,68.8,1180,0.9999,607.25,0,dqn,rl,0,0
512,4,4,121.6,63.2,1083,1.0,608.25,0,dqn,rl,0,0
513,4,4,123.1,64.9,1112,1.0,609.25,0,dqn,rl,0,0
514,4,4,132.4,64.9,1113,1.0,610.25,0,dqn,rl,0,0
515,4,4,109.6,59.2,1015,1.0,611.25,0,dqn,rl,0,0
516,4,4,113.0,60.0,1028,1.0,612.25,0,dqn,rl,0,0
517,4,4,126.3,65.9,1129,1.0,613.25,0,dqn,rl,0,0
518,4,4,125.1,65.8,1128,1.0,614.25,0,dqn,rl,0,0
519,4,4,151.2,76.5,1311,0.9999,615.25,0,dqn,rl,0,0
520,5,5,113.8,59.6,1277,1.0,616.5,1,dqn,rl,0,0
521,5,5,102.2,55.6,1191,1.0,617.75,0,dqn,rl,0,0
522,4,4,142.3,69.6,1193,0.9999,618.75,1,dqn,rl,0,0
523,4,4,152.3,76.5,1312,0.9999,619.75,0,dqn,rl,0,0
524,5,5,124.6,66.3,1421,1.0,621.0,1,dqn,rl,0,0
525,5,5,122.3,64.6,1385,1.0,622.25,0,dqn,rl,0,0
526,5,5,138.3,70.3,1507,0.9999,623.5,0,dqn,rl,0,0
527,6,6,98.9,55.3,1421,1.0,625.0,1,dqn,rl,0,0
528,5,5,119.7,66.0,1415,1.0,626.25,1,dqn,rl,0,0
529,5,5,124.4,65.3,1400,1.0,627.5,0,dqn,rl,0,0
530,5,5,138.6,70.2,1504,0.9999,628.75,0,dqn,rl,0,0
531,6,6,108.7,58.4,1503,1.0,630.25,1,dqn,rl,0,0
532,6,6,113.6,61.4,1578,1.0,631.75,0,dqn,rl,0,0
533,6,6,121.1,63.9,1643,1.0,633.25,0,dqn,rl,0,0
534,8,8,87.5,49.4,1695,1.0,635.25,1,dqn,rl,0,0
535,8,8,87.1,49.2,1687,1.0,637.25,0,dqn,rl,0,0
536,8,8,85.1,49.5,1698,1.0,639.25,0,dqn,rl,0,0
537,8,8,86.2,50.0,1716,1.0,641.25,0,dqn,rl,0,0
538,8,8,86.2,50.0,1715,1.0,643.25,0,dqn,rl,0,0
539,8,8,84.4,48.5,1664,1.0,645.25,0,dqn,rl,0,0
540,8,8,94.2,53.0,1818,1.0,647.25,0,dqn,rl,0,0
541,8,8,108.0,58.5,2005,1.0,649.25,0,dqn,rl,0,0
542,13,13,52.5,32.2,1793,1.0,652.5,1,dqn,rl,0,0
543,8,8,88.8,51.7,1772,1.0,654.5,1,dqn,rl,0,0
544,8,8,96.6,55.4,1898,1.0,656.5,0,dqn,rl,0,0
545,8,8,90.3,51.8,1775,1.0,658.5,0,dqn,rl,0,0
546,8,8,86.1,48.3,1655,1.0,660.5,0,dqn,rl,0,0
547,8,8,78.5,46.5,1595,1.0,662.5,0,dqn,rl,0,0
548,8,8,74.4,46.8,1604,1.0,664.5,0,dqn,rl,0,0
549,8,8,86.4,49.3,1689,1.0,666.5,0,dqn,rl,0,0
550,8,8,87.4,50.3,1724,1.0,668.5,0,dqn,rl,0,0
551,8,8,75.8,45.7,1567,1.0,670.5,0,dqn,rl,0,0
552,8,8,69.9,45.0,1542,1.0,672.5,0,dqn,rl,0,0
553,8,8,73.6,45.7,1566,1.0,674.5,0,dqn,rl,0,0
554,8,8,67.0,43.0,1473,1.0,676.5,0,dqn,rl,0,0
555,6,6,97.8,53.7,1382,1.0,678.0,1,dqn,rl,0,0
556,5,5,111.0,61.0,1308,1.0,679.25,1,dqn,rl,0,0
557,5,5,99.4,56.4,1208,1.0,680.5,0,dqn,rl,0,0
558,4,4,140.3,73.6,1261,0.9999,681.5,1,dqn,rl,0,0
559,4,4,128.7,65.7,1126,1.0,682.5,0,dqn,rl,0,0
560,4,4,127.8,67.0,1149,0.9999,683.5,0,dqn,rl,0,0
561,4,4,144.6,71.6,1227,0.9999,684.5,0,dqn,rl,0,0
562,4,4,132.9,68.5,1175,0.9999,685.5,0,dqn,rl,0,0
563,4,4,142.8,71.2,1220,0.9999,686.5,0,dqn,rl,0,0
564,4,4,132.1,69.3,1188,0.9999,687.5,0,dqn,rl,0,0
565,4,4,126.2,65.0,1114,1.0,688.5,0,dqn,rl,0,0
566,4,4,114.3,61.9,1061,1.0,689.5,0,dqn,rl,0,0
567,4,4,135.6,70.5,1209,0.9999,690.5,0,dqn,rl,0,0
568,4,4,130.4,66.0,1131,1.0,691.5,0,dqn,rl,0,0
569,4,4,112.8,62.2,1067,1.0,692.5,0,dqn,rl,0,0
570,4,4,114.4,61.0,1046,1.0,693.5,0,dqn,rl,0,0
571,4,4,112.5,60.0,1029,1.0,694.5,0,dqn,rl,0,0
572,4,4,108.4,58.5,1003,1.0,695.5,0,dqn,rl,0,0
573,4,4,89.9,51.4,882,1.0,696.5,0,dqn,rl,0,0
574,4,4,97.8,53.5,917,1.0,697.5,0,dqn,rl,0,0
575,4,4,106.0,58.7,1006,1.0,698.5,0,dqn,rl,0,0
576,4,4,107.4,56.6,971,1.0,699.5,0,dqn,rl,0,0
577,4,4,102.1,54.7,937,1.0,700.5,0,dqn,rl,0,0
578,4,4,100.2,55.2,947,1.0,701.5,0,dqn,rl,0,0
579,4,4,100.0,55.6,953,1.0,702.5,0,dqn,rl,0,0
580,4,4,108.8,60.5,1037,1.0,703.5,0,dqn,rl,0,0
581,4,4,117.7,63.8,1093,1.0,704.5,0,dqn,rl,0,0
582,4,4,105.5,58.6,1004,1.0,705.5,0,dqn,rl,0,0
583,4,4,111.9,60.0,1028,1.0,706.5,0,dqn,rl,0,0
584,4,4,124.2,62.8,1077,1.0,707.5,0,dqn,rl,0,0
585,4,4,106.3,60.0,1029,1.0,708.5,0,dqn,rl,0,0
586,4,4,129.3,65.6,1125,1.0,709.5,0,dqn,rl,0,0
587,4,4,161.5,78.4,1345,0.9998,710.5,0,dqn,rl,0,0
588,5,5,101.5,55.7,1193,1.0,711.75,1,dqn,rl,0,0
589,4,4,116.2,61.7,1057,1.0,712.75,1,dqn,rl,0,0
590,4,4,111.2,60.8,1042,1.0,713.75,0,dqn,rl,0,0
591,4,4,111.0,60.3,1034,1.0,714.75,0,dqn,rl,0,0
592,4,4,117.8,62.4,1069,1.0,715.75,0,dqn,rl,0,0
593,4,4,119.5,61.6,1056,1.0,716.75,0,dqn,rl,0,0
594,4,4,110.2,59.8,1026,1.0,717.75,0,dqn,rl,0,0
595,4,4,127.9,64.5,1105,1.0,718.75,0,dqn,rl,0,0
596,4,4,126.8,64.3,1103,1.0,719.75,0,dqn,rl,0,0
597,4,4,95.5,54.0,925,1.0,720.75,0,dqn,rl,0,0
598,4,4,95.0,53.1,910,1.0,721.75,0,dqn,rl,0,0
599,4,4,114.1,59.4,1019,1.0,722.75,0,dqn,rl,0,0
600,4,4,123.1,66.3,1136,1.0,723.75,0,dqn,rl,0,0
601,4,4,130.0,68.4,1173,0.9999,724.75,0,dqn,rl,0,0
602,4,4,134.4,67.6,1159,0.9999,725.75,0,dqn,rl,0,0
603,4,4,122.4,63.2,1083,1.0,726.75,0,dqn,rl,0,0
604,4,4,113.4,61.7,1058,1.0,727.75,0,dqn,rl,0,0
605,4,4,108.7,60.2,1032,1.0,728.75,0,dqn,rl,0,0
606,4,4,111.7,59.4,1019,1.0,729.75,0,dqn,rl,0,0
607,4,4,119.1,61.3,1051,1.0,730.75,0,dqn,rl,0,0
608,4,4,133.6,69.3,1188,0.9999,731.75,0,dqn,rl,0,0
609,4,4,128.0,67.8,1162,0.9999,732.75,0,dqn,rl,0,0
610,4,4,157.6,75.5,1295,0.9999,733.75,0,dqn,rl,0,0
611,5,5,104.5,56.3,1206,1.0,735.0,1,dqn,rl,0,0
612,4,4,125.0,67.1,1150,0.9999,736.0,1,dqn,rl,0,0
613,4,4,127.9,67.7,1161,0.9999,737.0,0,dqn,rl,0,0
614,4,4,136.7,70.2,1203,0.9999,738.0,0,dqn,rl,0,0
615,4,4,170.4,80.1,1374,0.9998,739.0,0,dqn,rl,0,0
616,5,5,111.9,59.3,1270,1.0,740.25,1,dqn,rl,0,0
617,5,5,106.1,57.9,1241,1.0,741.5,0,dqn,rl,0,0
618,5,5,100.2,57.9,1241,1.0,742.75,0,dqn,rl,0,0
619,5,5,120.8,60.5,1296,1.0,744.0,0,dqn,rl,0,0
620,5,5,115.8,62.8,1346,1.0,745.25,0,dqn,rl,0,0
621,5,5,133.8,66.3,1420,1.0,746.5,0,dqn,rl,0,0
622,5,5,135.7,67.1,1438,0.9999,747.75,0,dqn,rl,0,0
623,6,6,105.2,56.9,1462,1.0,749.25,1,dqn,rl,0,0
624,6,6,105.4,57.1,1469,1.0,750.75,0,dqn,rl,0,0
625,6,6,126.7,67.1,1726,0.9999,752.25,0,dqn,rl,0,0
626,8,8,80.4,48.9,1675,1.0,754.25,1,dqn,rl,0,0
627,8,8,74.1,46.1,1581,1.0,756.25,0,dqn,rl,0,0
628,8,8,82.0,49.8,1707,1.0,758.25,0,dqn,rl,0,0
629,8,8,81.0,48.1,1650,1.0,760.25,0,dqn,rl,0,0
630,8,8,88.0,52.2,1791,1.0,762.25,0,dqn,rl,0,0
631,8,8,99.9,53.9,1848,1.0,764.25,0,dqn,rl,0,0
632,8,8,104.0,54.3,1861,1.0,766.25,0,dqn,rl,0,0
633,8,8,88.4,53.6,1839,1.0,768.25,0,dqn,rl,0,0
634,8,8,87.1,51.9,1779,1.0,770.25,0,dqn,rl,0,0
635,8,8,94.5,52.6,1805,1.0,772.25,0,dqn,rl,0,0
636,8,8,93.3,52.6,1804,1.0,774.25,0,dqn,rl,0,0
637,8,8,87.2,50.8,1741,1.0,776.25,0,dqn,rl,0,0
638,8,8,84.7,49.6,1701,1.0,778.25,0,dqn,rl,0,0
639,8,8,84.5,49.0,1679,1.0,780.25,0,dqn,rl,0,0
640,8,8,80.7,48.4,1658,1.0,782.25,0,dqn,rl,0,0
641,8,8,82.5,48.0,1645,1.0,784.25,0,dqn,rl,0,0
642,8,8,91.0,50.6,1735,1.0,786.25,0,dqn,rl,0,0
643,8,8,84.0,47.9,1644,1.0,788.25,0,dqn,rl,0,0
644,8,8,78.9,45.6,1562,1.0,790.25,0,dqn,rl,0,0
645,8,8,72.0,44.2,1516,1.0,792.25,0,dqn,rl,0,0
646,8,8,65.5,41.6,1426,1.0,794.25,0,dqn,rl,0,0
647,6,6,93.8,55.0,1415,1.0,795.75,1,dqn,rl,0,0
648,5,5,125.9,66.0,1414,1.0,797.0,1,dqn,rl,0,0
649,5,5,113.3,62.1,1330,1.0,798.25,0,dqn,rl,0,0
650,5,5,115.8,60.2,1289,1.0,799.5,0,dqn,rl,0,0
651,5,5,103.9,54.8,1175,1.0,800.75,0,dqn,rl,0,0
652,4,4,125.1,65.9,1130,1.0,801.75,1,dqn,rl,0,0
653,4,4,121.3,64.5,1105,1.0,802.75,0,dqn,rl,0,0
654,4,4,106.6,58.9,1009,1.0,803.75,0,dqn,rl,0,0
655,4,4,99.9,55.6,953,1.0,804.75,0,dqn,rl,0,0
656,4,4,93.3,53.8,923,1.0,805.75,0,dqn,rl,0,0
657,4,4,90.2,50.7,869,1.0,806.75,0,dqn,rl,0,0
658,4,4,78.7,47.4,812,1.0,807.75,0,dqn,rl,0,0
659,4,4,72.7,43.5,745,1.0,808.75,0,dqn,rl,0,0
660,4,4,84.0,48.4,829,1.0,809.75,0,dqn,rl,0,0
661,4,4,84.6,49.8,853,1.0,810.75,0,dqn,rl,0,0
662,4,4,96.0,54.7,937,1.0,811.75,0,dqn,rl,0,0
663,4,4,109.2,58.0,995,1.0,812.75,0,dqn,rl,0,0
664,4,4,105.9,58.4,1001,1.0,813.75,0,dqn,rl,0,0
665,4,4,108.8,61.3,1051,1.0,814.75,0,dqn,rl,0,0
666,4,4,116.2,62.3,1068,1.0,815.75,0,dqn,rl,0,0
667,4,4,111.1,61.1,1047,1.0,816.75,0,dqn,rl,0,0
668,4,4,115.9,59.1,1014,1.0,817.75,0,dqn,rl,0,0
669,4,4,110.7,59.8,1026,1.0,818.75,0,dqn,rl,0,0
670,4,4,111.4,60.8,1042,1.0,819.75,0,dqn,rl,0,0
671,4,4,120.5,67.0,1148,0.9999,820.75,0,dqn,rl,0,0
672,4,4,123.7,63.2,1083,1.0,821.75,0,dqn,rl,0,0
673,4,4,122.8,63.8,1093,1.0,822.75,0,dqn,rl,0,0
674,4,4,110.8,59.8,1026,1.0,823.75,0,dqn,rl,0,0
675,4,4,123.5,65.1,1116,1.0,824.75,0,dqn,rl,0,0
676,4,4,125.8,65.4,1121,1.0,825.75,0,dqn,rl,0,0
677,4,4,114.6,60.3,1034,1.0,826.75,0,dqn,rl,0,0
678,4,4,108.8,58.8,1008,1.0,827.75,0,dqn,rl,0,0
679,4,4,109.0,59.7,1024,1.0,828.75,0,dqn,rl,0,0
680,4,4,123.0,64.3,1102,1.0,829.75,0,dqn,rl,0,0
681,4,4,126.1,69.2,1186,0.9999,830.75,0,dqn,rl,0,0
682,4,4,117.4,63.2,1084,1.0,831.75,0,dqn,rl,0,0
683,4,4,122.3,64.9,1112,1.0,832.75,0,dqn,rl,0,0
684,4,4,114.5,62.3,1068,1.0,833.75,0,dqn,rl,0,0
685,4,4,122.9,64.9,1112,1.0,834.75,0,dqn,rl,0,0
686,4,4,122.8,63.5,1089,1.0,835.75,0,dqn,rl,0,0
687,4,4,128.0,66.7,1144,0.9999,836.75,0,dqn,rl,0,0
688,4,4,112.4,62.4,1070,1.0,837.75,0,dqn,rl,0,0
689,4,4,119.7,62.9,1078,1.0,838.75,0,dqn,rl,0,0
690,4,4,126.2,64.5,1106,1.0,839.75,0,dqn,rl,0,0
691,4,4,121.5,62.7,1075,1.0,840.75,0,dqn,rl,0,0
692,4,4,106.4,57.3,982,1.0,841.75,0,dqn,rl,0,0
693,4,4,137.4,68.5,1174,0.9999,842.75,0,dqn,rl,0,0
694,4,4,139.6,71.0,1218,0.9999,843.75,0,dqn,rl,0,0
695,4,4,89.9,54.6,936,1.0,844.75,0,dqn,rl,0,0
696,4,4,92.5,53.1,910,1.0,845.75,0,dqn,rl,0,0
697,4,4,92.4,53.9,924,1.0,846.75,0,dqn,rl,0,0
698,4,4,98.5,54.8,939,1.0,847.75,0,dqn,rl,0,0
699,4,4,88.3,50.2,861,1.0,848.75,0,dqn,rl,0,0
700,4,4,84.6,50.1,859,1.0,849.75,0,dqn,rl,0,0
701,4,4,84.3,48.4,830,1.0,850.75,0,dqn,rl,0,0
702,4,4,84.3,50.6,868,1.0,851.75,0,dqn,rl,0,0
703,4,4,88.7,50.4,864,1.0,852.75,0,dqn,rl,0,0
704,4,4,79.5,48.4,829,1.0,853.75,0,dqn,rl,0,0
705,4,4,88.7,51.8,888,1.0,854.75,0,dqn,rl,0,0
706,4,4,90.5,53.1,910,1.0,855.75,0,dqn,rl,0,0
707,4,4,94.6,53.1,910,1.0,856.75,0,dqn,rl,0,0
708,4,4,91.4,50.5,866,1.0,857.75,0,dqn,rl,0,0
709,4,4,101.6,56.9,975,1.0,858.75,0,dqn,rl,0,0
710,4,4,114.6,61.8,1059,1.0,859.75,0,dqn,rl,0,0
711,4,4,116.7,61.4,1053,1.0,860.75,0,dqn,rl,0,0
712,4,4,113.1,61.8,1060,1.0,861.75,0,dqn,rl,0,0
713,4,4,111.4,60.0,1028,1.0,862.75,0,dqn,rl,0,0
714,4,4,117.8,62.9,1079,1.0,863.75,0,dqn,rl,0,0
715,4,4,99.8,56.6,970,1.0,864.75,0,dqn,rl,0,0
716,4,4,102.1,58.0,994,1.0,865.75,0,dqn,rl,0,0
717,4,4,111.6,58.8,1008,1.0,866.75,0,dqn,rl,0,0
718,4,4,108.8,59.1,1014,1.0,867.75,0,dqn,rl,0,0
719,4,4,127.2,67.4,1155,0.9999,868.75,0,dqn,rl,0,0
720,4,4,113.9,59.6,1022,1.0,869.75,0,dqn,rl,0,0
721,4,4,104.7,57.3,983,1.0,870.75,0,dqn,rl,0,0
722,4,4,107.7,60.1,1030,1.0,871.75,0,dqn,rl,0,0
723,4,4,136.9,71.7,1229,0.9999,872.75,0,dqn,rl,0,0
724,4,4,141.6,71.8,1231,0.9999,873.75,0,dqn,rl,0,0
725,4,4,98.5,55.7,955,1.0,874.75,0,dqn,rl,0,0
726,4,4,101.0,55.5,952,1.0,875.75,0,dqn,rl,0,0
727,4,4,91.7,53.7,920,1.0,876.75,0,dqn,rl,0,0
728,4,4,95.1,55.3,948,1.0,877.75,0,dqn,rl,0,0
729,4,4,107.8,58.9,1010,1.0,878.75,0,dqn,rl,0,0
730,4,4,114.4,60.3,1034,1.0,879.75,0,dqn,rl,0,0
731,4,4,104.4,57.9,992,1.0,880.75,0,dqn,rl,0,0
732,4,4,129.0,63.4,1087,1.0,881.75,0,dqn,rl,0,0
733,4,4,129.4,63.9,1096,1.0,882.75,0,dqn,rl,0,0
734,4,4,119.6,63.3,1086,1.0,883.75,0,dqn,rl,0,0
735,4,4,125.4,66.7,1144,0.9999,884.75,0,dqn,rl,0,0
736,4,4,103.5,56.6,970,1.0,885.75,0,dqn,rl,0,0
737,4,4,87.7,51.1,876,1.0,886.75,0,dqn,rl,0,0
738,4,4,97.3,54.5,934,1.0,887.75,0,dqn,rl,0,0
739,4,4,99.0,54.6,936,1.0,888.75,0,dqn,rl,0,0
740,4,4,108.3,58.7,1006,1.0,889.75,0,dqn,rl,0,0
741,4,4,93.5,55.1,944,1.0,890.75,0,dqn,rl,0,0
742,4,4,104.2,54.9,942,1.0,891.75,0,dqn,rl,0,0
743,4,4,89.0,52.0,891,1.0,892.75,0,dqn,rl,0,0
744,4,4,88.2,50.9,873,1.0,893.75,0,dqn,rl,0,0
745,4,4,88.4,50.2,860,1.0,894.75,0,dqn,rl,0,0
746,4,4,91.5,52.0,891,1.0,895.75,0,dqn,rl,0,0
747,4,4,81.4,47.9,822,1.0,896.75,0,dqn,rl,0,0
748,4,4,71.9,44.0,754,1.0,897.75,0,dqn,rl,0,0
749,4,4,79.8,48.5,832,1.0,898.75,0,dqn,rl,0,0
750,4,4,85.1,49.2,843,1.0,899.75,0,dqn,rl,0,0
751,4,4,85.1,48.6,834,1.0,900.75,0,dqn,rl,0,0
752,4,4,77.4,46.7,801,1.0,901.75,0,dqn,rl,0,0
753,4,4,71.9,43.4,744,1.0,902.75,0,dqn,rl,0,0
754,4,4,74.8,44.2,758,1.0,903.75,0,dqn,rl,0,0
755,4,4,73.9,45.3,777,1.0,904.75,0,dqn,rl,0,0
756,4,4,69.4,42.7,732,1.0,905.75,0,dqn,rl,0,0
757,4,4,66.8,42.2,724,1.0,906.75,0,dqn,rl,0,0
758,4,4,72.1,43.5,746,1.0,907.75,0,dqn,rl,0,0
759,4,4,115.6,61.9,1062,1.0,908.75,0,dqn,rl,0,0
760,4,4,130.0,69.4,1190,0.9999,909.75,0,dqn,rl,0,0
761,4,4,135.0,67.7,1160,0.9999,910.75,0,dqn,rl,0,0
762,4,4,133.4,67.4,1156,0.9999,911.75,0,dqn,rl,0,0
763,4,4,110.8,59.2,1015,1.0,912.75,0,dqn,rl,0,0
764,4,4,84.6,50.3,862,1.0,913.75,0,dqn,rl,0,0
765,4,4,85.6,50.3,863,1.0,914.75,0,dqn,rl,0,0
766,4,4,95.4,53.3,913,1.0,915.75,0,dqn,rl,0,0
767,4,4,100.1,55.5,951,1.0,916.75,0,dqn,rl,0,0
768,4,4,111.8,61.2,1050,1.0,917.75,0,dqn,rl,0,0
769,4,4,108.9,59.2,1015,1.0,918.75,0,dqn,rl,0,0
770,4,4,111.3,59.3,1016,1.0,919.75,0,dqn,rl,0,0
771,4,4,105.1,58.4,1002,1.0,920.75,0,dqn,rl,0,0
772,4,4,115.3,61.8,1059,1.0,921.75,0,dqn,rl,0,0
773,4,4,109.7,60.3,1034,1.0,922.75,0,dqn,rl,0,0
774,4,4,100.8,54.8,940,1.0,923.75,0,dqn,rl,0,0
775,4,4,88.3,51.0,874,1.0,924.75,0,dqn,rl,0,0
776,4,4,84.0,49.2,844,1.0,925.75,0,dqn,rl,0,0
777,4,4,79.3,46.5,797,1.0,926.75,0,dqn,rl,0,0
778,4,4,80.0,47.2,810,1.0,927.75,0,dqn,rl,0,0
779,4,4,78.8,47.6,816,1.0,928.75,0,dqn,rl,0,0
780,4,4,101.4,54.8,940,1.0,929.75,0,dqn,rl,0,0
781,4,4,95.8,55.5,952,1.0,930.75,0,dqn,rl,0,0
782,4,4,83.0,50.0,858,1.0,931.75,0,dqn,rl,0,0
783,4,4,93.0,52.4,898,1.0,932.75,0,dqn,rl,0,0
784,4,4,94.7,53.7,920,1.0,933.75,0,dqn,rl,0,0
785,4,4,97.0,53.1,910,1.0,934.75,0,dqn,rl,0,0
786,4,4,100.0,55.3,948,1.0,935.75,0,dqn,rl,0,0
787,4,4,93.9,53.0,908,1.0,936.75,0,dqn,rl,0,0
788,4,4,96.8,53.1,911,1.0,937.75,0,dqn,rl,0,0
789,4,4,98.3,55.5,951,1.0,938.75,0,dqn,rl,0,0
790,4,4,97.8,56.3,966,1.0,939.75,0,dqn,rl,0,0
791,4,4,120.9,62.8,1077,1.0,940.75,0,dqn,rl,0,0
792,4,4,96.4,54.9,942,1.0,941.75,0,dqn,rl,0,0
793,4,4,107.7,58.0,995,1.0,942.75,0,dqn,rl,0,0
794,4,4,104.7,58.4,1002,1.0,943.75,0,dqn,rl,0,0
795,4,4,106.1,58.2,997,1.0,944.75,0,dqn,rl,0,0
796,4,4,112.7,61.1,1048,1.0,945.75,0,dqn,rl,0,0
797,4,4,100.0,56.5,969,1.0,946.75,0,dqn,rl,0,0
798,4,4,134.4,69.9,1198,0.9999,947.75,0,dqn,rl,0,0
799,4,4,111.7,59.6,1022,1.0,948.75,0,dqn,rl,0,0
800,4,4,101.4,56.2,964,1.0,949.75,0,dqn,rl,0,0
801,4,4,95.1,53.0,908,1.0,950.75,0,dqn,rl,0,0
802,4,4,91.7,53.2,912,1.0,951.75,0,dqn,rl,0,0
803,4,4,103.8,58.0,994,1.0,952.75,0,dqn,rl,0,0
804,4,4,112.4,62.1,1065,1.0,953.75,0,dqn,rl,0,0
805,4,4,98.8,56.2,964,1.0,954.75,0,dqn,rl,0,0
806,4,4,90.1,51.7,887,1.0,955.75,0,dqn,rl,0,0
807,4,4,85.6,50.0,857,1.0,956.75,0,dqn,rl,0,0
808,4,4,96.3,53.7,920,1.0,957.75,0,dqn,rl,0,0
809,4,4,106.9,57.1,979,1.0,958.75,0,dqn,rl,0,0
810,4,4,135.9,68.8,1179,0.9999,959.75,0,dqn,rl,0,0
811,4,4,103.7,57.3,983,1.0,960.75,0,dqn,rl,0,0
812,4,4,88.4,51.9,890,1.0,961.75,0,dqn,rl,0,0
813,4,4,101.1,54.3,931,1.0,962.75,0,dqn,rl,0,0
814,4,4,98.0,54.2,929,1.0,963.75,0,dqn,rl,0,0
815,4,4,88.1,54.0,925,1.0,964.75,0,dqn,rl,0,0
816,4,4,91.5,52.0,892,1.0,965.75,0,dqn,rl,0,0
817,4,4,87.1,49.5,849,1.0,966.75,0,dqn,rl,0,0
818,4,4,86.8,50.8,871,1.0,967.75,0,dqn,rl,0,0
819,4,4,86.4,49.8,853,1.0,968.75,0,dqn,rl,0,0
820,4,4,143.8,72.7,1247,0.9999,969.75,0,dqn,rl,0,0
821,4,4,157.1,76.8,1316,0.9999,970.75,0,dqn,rl,0,0
822,5,5,120.4,63.8,1367,1.0,972.0,1,dqn,rl,0,0
823,5,5,112.1,59.7,1280,1.0,973.25,0,dqn,rl,0,0
824,5,5,84.9,49.6,1062,1.0,974.5,0,dqn,rl,0,0
825,4,4,96.6,53.7,920,1.0,975.5,1,dqn,rl,0,0
826,4,4,88.0,51.3,880,1.0,976.5,0,dqn,rl,0,0
827,4,4,96.6,53.7,921,1.0,977.5,0,dqn,rl,0,0
828,4,4,83.4,49.4,847,1.0,978.5,0,dqn,rl,0,0
829,4,4,104.5,59.7,1024,1.0,979.5,0,dqn,rl,0,0
830,4,4,116.4,61.9,1061,1.0,980.5,0,dqn,rl,0,0
831,4,4,103.4,56.8,974,1.0,981.5,0,dqn,rl,0,0
832,4,4,92.9,53.8,922,1.0,982.5,0,dqn,rl,0,0
833,4,4,96.3,52.7,904,1.0,983.5,0,dqn,rl,0,0
834,4,4,94.9,54.1,927,1.0,984.5,0,dqn,rl,0,0
835,4,4,99.5,54.7,937,1.0,985.5,0,dqn,rl,0,0
836,4,4,79.3,47.7,818,1.0,986.5,0,dqn,rl,0,0
837,4,4,86.4,50.0,858,1.0,987.5,0,dqn,rl,0,0
838,4,4,101.8,55.8,957,1.0,988.5,0,dqn,rl,0,0
839,4,4,113.5,59.7,1023,1.0,989.5,0,dqn,rl,0,0
840,4,4,120.5,64.6,1107,1.0,990.5,0,dqn,rl,0,0
841,4,4,98.9,56.6,971,1.0,991.5,0,dqn,rl,0,0
842,4,4,105.1,55.8,956,1.0,992.5,0,dqn,rl,0,0
843,4,4,98.4,54.9,941,1.0,993.5,0,dqn,rl,0,0
844,4,4,99.7,53.0,909,1.0,994.5,0,dqn,rl,0,0
845,4,4,104.4,57.5,985,1.0,995.5,0,dqn,rl,0,0
846,4,4,87.8,52.3,897,1.0,996.5,0,dqn,rl,0,0
847,4,4,95.1,53.3,913,1.0,997.5,0,dqn,rl,0,0
848,4,4,94.4,52.6,901,1.0,998.5,0,dqn,rl,0,0
849,4,4,109.8,59.0,1012,1.0,999.5,0,dqn,rl,0,0
850,4,4,103.2,57.3,983,1.0,1000.5,0,dqn,rl,0,0
851,4,4,104.4,56.8,974,1.0,1001.5,0,dqn,rl,0,0
852,4,4,93.1,54.2,930,1.0,1002.5,0,dqn,rl,0,0
853,4,4,87.2,52.0,891,1.0,1003.5,0,dqn,rl,0,0
854,4,4,94.9,53.7,920,1.0,1004.5,0,dqn,rl,0,0
855,4,4,108.3,58.0,994,1.0,1005.5,0,dqn,rl,0,0
856,4,4,98.9,57.9,993,1.0,1006.5,0,dqn,rl,0,0
857,4,4,103.2,56.5,969,1.0,1007.5,0,dqn,rl,0,0
858,4,4,92.0,52.8,905,1.0,1008.5,0,dqn,rl,0,0
859,4,4,82.1,49.3,846,1.0,1009.5,0,dqn,rl,0,0
860,4,4,83.8,49.0,840,1.0,1010.5,0,dqn,rl,0,0
861,4,4,80.3,47.8,820,1.0,1011.5,0,dqn,rl,0,0
862,4,4,101.8,56.2,963,1.0,1012.5,0,dqn,rl,0,0
863,4,4,119.6,62.4,1069,1.0,1013.5,0,dqn,rl,0,0
864,4,4,114.0,60.5,1037,1.0,1014.5,0,dqn,rl,0,0
865,4,4,95.2,52.5,900,1.0,1015.5,0,dqn,rl,0,0
866,4,4,83.1,47.9,821,1.0,1016.5,0,dqn,rl,0,0
867,4,4,73.1,45.4,779,1.0,1017.5,0,dqn,rl,0,0
868,4,4,74.3,45.4,779,1.0,1018.5,0,dqn,rl,0,0
869,4,4,73.8,47.1,807,1.0,1019.5,0,dqn,rl,0,0
870,4,4,86.2,50.6,868,1.0,1020.5,0,dqn,rl,0,0
871,4,4,93.5,54.7,938,1.0,1021.5,0,dqn,rl,0,0
872,4,4,106.4,59.0,1011,1.0,1022.5,0,dqn,rl,0,0
873,4,4,120.3,63.9,1095,1.0,1023.5,0,dqn,rl,0,0
874,4,4,107.5,58.1,996,1.0,1024.5,0,dqn,rl,0,0
875,4,4,111.5,60.8,1042,1.0,1025.5,0,dqn,rl,0,0
876,4,4,123.3,61.7,1058,1.0,1026.5,0,dqn,rl,0,0
877,4,4,111.2,60.0,1028,1.0,1027.5,0,dqn,rl,0,0
878,4,4,101.2,58.0,994,1.0,1028.5,0,dqn,rl,0,0
879,4,4,107.1,56.2,964,1.0,1029.5,0,dqn,rl,0,0
880,4,4,93.6,53.3,914,1.0,1030.5,0,dqn,rl,0,0
881,4,4,93.8,53.5,917,1.0,1031.5,0,dqn,rl,0,0
882,4,4,104.9,56.6,971,1.0,1032.5,0,dqn,rl,0,0
883,4,4,86.4,50.8,871,1.0,1033.5,0,dqn,rl,0,0
884,4,4,87.1,49.1,841,1.0,1034.5,0,dqn,rl,0,0
885,4,4,111.8,57.9,993,1.0,1035.5,0,dqn,rl,0,0
886,4,4,96.2,52.6,902,1.0,1036.5,0,dqn,rl,0,0
887,4,4,85.9,49.8,853,1.0,1037.5,0,dqn,rl,0,0
888,4,4,87.3,51.0,874,1.0,1038.5,0,dqn,rl,0,0
889,4,4,94.2,52.4,899,1.0,1039.5,0,dqn,rl,0,0
890,4,4,104.4,56.1,962,1.0,1040.5,0,dqn,rl,0,0
891,4,4,89.6,50.9,872,1.0,1041.5,0,dqn,rl,0,0
892,4,4,84.8,49.2,843,1.0,1042.5,0,dqn,rl,0,0
893,4,4,74.9,44.4,761,1.0,1043.5,0,dqn,rl,0,0
894,4,4,78.1,46.8,802,1.0,1044.5,0,dqn,rl,0,0
895,4,4,72.2,45.5,780,1.0,1045.5,0,dqn,rl,0,0
896,4,4,76.3,47.4,812,1.0,1046.5,0,dqn,rl,0,0
897,4,4,80.8,47.5,815,1.0,1047.5,0,dqn,rl,0,0
898,4,4,77.4,45.2,775,1.0,1048.5,0,dqn,rl,0,0
899,4,4,76.3,46.0,789,1.0,1049.5,0,dqn,rl,0,0
900,4,4,83.2,49.1,841,1.0,1050.5,0,dqn,rl,0,0
901,4,4,84.2,49.8,854,1.0,1051.5,0,dqn,rl,0,0
902,4,4,105.6,56.3,966,1.0,1052.5,0,dqn,rl,0,0
903,4,4,97.8,56.3,965,1.0,1053.5,0,dqn,rl,0,0
904,4,4,105.4,58.5,1003,1.0,1054.5,0,dqn,rl,0,0
905,4,4,103.5,55.2,946,1.0,1055.5,0,dqn,rl,0,0
906,4,4,102.8,56.9,975,1.0,1056.5,0,dqn,rl,0,0
907,4,4,99.0,55.2,946,1.0,1057.5,0,dqn,rl,0,0
908,4,4,108.7,57.2,981,1.0,1058.5,0,dqn,rl,0,0
909,4,4,95.0,52.1,894,1.0,1059.5,0,dqn,rl,0,0
910,4,4,88.6,50.6,867,1.0,1060.5,0,dqn,rl,0,0
911,4,4,80.6,46.6,799,1.0,1061.5,0,dqn,rl,0,0
912,4,4,72.7,46.4,796,1.0,1062.5,0,dqn,rl,0,0
913,4,4,90.0,52.6,902,1.0,1063.5,0,dqn,rl,0,0
914,4,4,108.7,58.9,1009,1.0,1064.5,0,dqn,rl,0,0
915,4,4,83.3,49.9,855,1.0,1065.5,0,dqn,rl,0,0
916,4,4,86.3,50.7,870,1.0,1066.5,0,dqn,rl,0,0
917,4,4,69.9,44.4,761,1.0,1067.5,0,dqn,rl,0,0
918,4,4,74.0,45.1,774,1.0,1068.5,0,dqn,rl,0,0
919,4,4,101.4,57.0,977,1.0,1069.5,0,dqn,rl,0,0
920,4,4,108.4,57.6,987,1.0,1070.5,0,dqn,rl,0,0
921,4,4,112.7,60.4,1036,1.0,1071.5,0,dqn,rl,0,0
922,4,4,112.2,58.7,1006,1.0,1072.5,0,dqn,rl,0,0
923,4,4,103.4,58.7,1007,1.0,1073.5,0,dqn,rl,0,0
924,4,4,94.3,55.6,954,1.0,1074.5,0,dqn,rl,0,0
925,4,4,104.9,57.6,987,1.0,1075.5,0,dqn,rl,0,0
926,4,4,106.9,58.3,999,1.0,1076.5,0,dqn,rl,0,0
927,4,4,102.8,55.8,956,1.0,1077.5,0,dqn,rl,0,0
928,4,4,104.7,56.5,968,1.0,1078.5,0,dqn,rl,0,0
929,4,4,96.1,54.6,936,1.0,1079.5,0,dqn,rl,0,0
930,4,4,102.0,55.1,944,1.0,1080.5,0,dqn,rl,0,0
931,4,4,99.5,55.6,953,1.0,1081.5,0,dqn,rl,0,0
932,4,4,81.9,48.6,834,1.0,1082.5,0,dqn,rl,0,0
933,4,4,81.7,47.4,812,1.0,1083.5,0,dqn,rl,0,0
934,4,4,87.6,49.8,854,1.0,1084.5,0,dqn,rl,0,0
935,4,4,94.9,53.3,914,1.0,1085.5,0,dqn,rl,0,0
936,4,4,93.3,52.7,904,1.0,1086.5,0,dqn,rl,0,0
937,4,4,117.3,59.7,1023,1.0,1087.5,0,dqn,rl,0,0
938,4,4,90.1,51.8,888,1.0,1088.5,0,dqn,rl,0,0
939,4,4,94.9,53.4,916,1.0,1089.5,0,dqn,rl,0,0
940,4,4,87.2,50.3,862,1.0,1090.5,0,dqn,rl,0,0
941,4,4,93.3,53.5,918,1.0,1091.5,0,dqn,rl,0,0
942,4,4,110.1,57.9,992,1.0,1092.5,0,dqn,rl,0,0
943,4,4,99.9,53.6,919,1.0,1093.5,0,dqn,rl,0,0
944,4,4,95.0,53.0,908,1.0,1094.5,0,dqn,rl,0,0
945,4,4,116.0,64.5,1105,1.0,1095.5,0,dqn,rl,0,0
946,4,4,105.0,59.8,1026,1.0,1096.5,0,dqn,rl,0,0
947,4,4,96.9,54.2,930,1.0,1097.5,0,dqn,rl,0,0
948,4,4,95.8,54.8,939,1.0,1098.5,0,dqn,rl,0,0
949,4,4,114.4,62.1,1065,1.0,1099.5,0,dqn,rl,0,0
950,4,4,118.8,63.4,1087,1.0,1100.5,0,dqn,rl,0,0
951,4,4,140.8,72.5,1243,0.9999,1101.5,0,dqn,rl,0,0
952,4,4,133.4,69.2,1187,0.9999,1102.5,0,dqn,rl,0,0
953,4,4,126.2,66.0,1132,1.0,1103.5,0,dqn,rl,0,0
954,4,4,116.0,61.4,1053,1.0,1104.5,0,dqn,rl,0,0
955,4,4,116.0,61.7,1057,1.0,1105.5,0,dqn,rl,0,0
956,4,4,90.0,51.4,882,1.0,1106.5,0,dqn,rl,0,0
957,4,4,85.4,52.6,902,1.0,1107.5,0,dqn,rl,0,0
958,4,4,96.1,54.8,940,1.0,1108.5,0,dqn,rl,0,0
959,4,4,97.9,53.4,915,1.0,1109.5,0,dqn,rl,0,0
960,4,4,101.9,55.1,944,1.0,1110.5,0,dqn,rl,0,0
961,4,4,99.0,53.3,914,1.0,1111.5,0,dqn,rl,0,0
962,4,4,90.8,52.8,906,1.0,1112.5,0,dqn,rl,0,0
963,4,4,79.4,48.1,824,1.0,1113.5,0,dqn,rl,0,0
964,4,4,91.9,52.6,902,1.0,1114.5,0,dqn,rl,0,0
965,4,4,104.7,56.3,965,1.0,1115.5,0,dqn,rl,0,0
966,4,4,94.5,53.5,918,1.0,1116.5,0,dqn,rl,0,0
967,4,4,97.4,54.3,931,1.0,1117.5,0,dqn,rl,0,0
968,4,4,100.7,55.9,959,1.0,1118.5,0,dqn,rl,0,0
969,4,4,112.1,60.4,1035,1.0,1119.5,0,dqn,rl,0,0
970,4,4,110.0,60.4,1036,1.0,1120.5,0,dqn,rl,0,0
971,4,4,116.3,61.2,1049,1.0,1121.5,0,dqn,rl,0,0
972,4,4,92.3,56.2,964,1.0,1122.5,0,dqn,rl,0,0
973,4,4,84.3,49.5,849,1.0,1123.5,0,dqn,rl,0,0
974,4,4,103.6,58.0,994,1.0,1124.5,0,dqn,rl,0,0
975,4,4,113.2,60.7,1041,1.0,1125.5,0,dqn,rl,0,0
976,4,4,113.7,59.9,1027,1.0,1126.5,0,dqn,rl,0,0
977,4,4,111.0,60.6,1039,1.0,1127.5,0,dqn,rl,0,0
978,4,4,118.4,61.6,1056,1.0,1128.5,0,dqn,rl,0,0
979,4,4,100.5,55.9,959,1.0,1129.5,0,dqn,rl,0,0
980,4,4,99.1,54.8,940,1.0,1130.5,0,dqn,rl,0,0
981,4,4,91.7,52.5,900,1.0,1131.5,0,dqn,rl,0,0
982,4,4,93.0,52.5,900,1.0,1132.5,0,dqn,rl,0,0
983,4,4,102.4,55.1,944,1.0,1133.5,0,dqn,rl,0,0
984,4,4,100.9,57.1,979,1.0,1134.5,0,dqn,rl,0,0
985,4,4,110.8,61.1,1047,1.0,1135.5,0,dqn,rl,0,0
986,4,4,115.3,63.1,1081,1.0,1136.5,0,dqn,rl,0,0
987,4,4,101.9,58.3,999,1.0,1137.5,0,dqn,rl,0,0
988,4,4,94.3,54.7,938,1.0,1138.5,0,dqn,rl,0,0
989,4,4,105.1,56.2,964,1.0,1139.5,0,dqn,rl,0,0
990,4,4,120.2,63.8,1094,1.0,1140.5,0,dqn,rl,0,0
991,4,4,111.5,59.3,1017,1.0,1141.5,0,dqn,rl,0,0
992,4,4,117.0,62.2,1066,1.0,1142.5,0,dqn,rl,0,0
993,4,4,137.3,67.4,1155,0.9999,1143.5,0,dqn,rl,0,0
994,4,4,127.2,65.7,1127,1.0,1144.5,0,dqn,rl,0,0
995,4,4,114.4,61.1,1047,1.0,1145.5,0,dqn,rl,0,0
996,4,4,147.1,70.7,1212,0.9999,1146.5,0,dqn,rl,0,0
997,4,4,144.9,74.9,1284,0.9999,1147.5,0,dqn,rl,0,0
998,5,5,79.3,48.3,1036,1.0,1148.75,1,dqn,rl,0,0
999,4,4,97.4,55.5,951,1.0,1149.75,1,dqn,rl,0,0
1000,4,4,95.7,55.5,951,1.0,1150.75,0,dqn,rl,0,0
1001,4,4,94.2,53.4,915,1.0,1151.75,0,dqn,rl,0,0
1002,4,4,100.1,55.3,948,1.0,1152.75,0,dqn,rl,0,0
1003,4,4,95.4,52.3,896,1.0,1153.75,0,dqn,rl,0,0
1004,4,4,83.5,51.5,883,1.0,1154.75,0,dqn,rl,0,0
1005,4,4,98.9,54.1,927,1.0,1155.75,0,dqn,rl,0,0
1006,4,4,87.9,49.3,845,1.0,1156.75,0,dqn,rl,0,0
1007,4,4,78.9,48.0,823,1.0,1157.75,0,dqn,rl,0,0
1008,4,4,81.8,48.0,823,1.0,1158.75,0,dqn,rl,0,0
1009,4,4,91.2,50.4,864,1.0,1159.75,0,dqn,rl,0,0
1010,4,4,87.1,51.3,880,1.0,1160.75,0,dqn,rl,0,0
1011,4,4,96.2,53.9,924,1.0,1161.75,0,dqn,rl,0,0
1012,4,4,86.8,50.2,860,1.0,1162.75,0,dqn,rl,0,0
1013,4,4,83.4,49.4,847,1.0,1163.75,0,dqn,rl,0,0
1014,4,4,114.5,61.4,1052,1.0,1164.75,0,dqn,rl,0,0
1015,4,4,85.5,50.6,867,1.0,1165.75,0,dqn,rl,0,0
1016,4,4,71.8,45.6,782,1.0,1166.75,0,dqn,rl,0,0
1017,4,4,72.0,44.0,754,1.0,1167.75,0,dqn,rl,0,0
1018,4,4,90.6,51.9,890,1.0,1168.75,0,dqn,rl,0,0
1019,4,4,111.2,58.9,1010,1.0,1169.75,0,dqn,rl,0,0
1020,4,4,115.9,62.2,1067,1.0,1170.75,0,dqn,rl,0,0
1021,4,4,102.9,57.6,988,1.0,1171.75,0,dqn,rl,0,0
1022,4,4,126.1,67.4,1155,0.9999,1172.75,0,dqn,rl,0,0
1023,4,4,105.0,59.0,1011,1.0,1173.75,0,dqn,rl,0,0
1024,4,4,115.3,62.5,1072,1.0,1174.75,0,dqn,rl,0,0
1025,4,4,129.5,66.7,1143,0.9999,1175.75,0,dqn,rl,0,0
1026,4,4,127.4,65.4,1122,1.0,1176.75,0,dqn,rl,0,0
1027,4,4,130.5,66.8,1146,0.9999,1177.75,0,dqn,rl,0,0
1028,4,4,129.7,68.2,1169,0.9999,1178.75,0,dqn,rl,0,0
1029,4,4,152.5,75.2,1290,0.9999,1179.75,0,dqn,rl,0,0
1030,5,5,127.9,64.4,1379,1.0,1181.0,1,dqn,rl,0,0
1031,5,5,125.7,65.9,1412,1.0,1182.25,0,dqn,rl,0,0
1032,5,5,135.5,69.5,1489,0.9999,1183.5,0,dqn,rl,0,0
1033,6,6,108.9,58.3,1500,1.0,1185.0,1,dqn,rl,0,0
1034,6,6,117.5,61.1,1570,1.0,1186.5,0,dqn,rl,0,0
1035,6,6,117.2,63.9,1643,1.0,1188.0,0,dqn,rl,0,0
1036,8,8,91.4,52.0,1784,1.0,1190.0,1,dqn,rl,0,0
1037,8,8,106.5,57.3,1963,1.0,1192.0,0,dqn,rl,0,0
1038,8,8,102.2,57.5,1971,1.0,1194.0,0,dqn,rl,0,0
1039,8,8,113.8,60.5,2075,1.0,1196.0,0,dqn,rl,0,0
1040,13,13,55.3,37.7,2100,1.0,1199.25,1,dqn,rl,0,0
1041,13,13,56.9,38.2,2131,1.0,1202.5,0,dqn,rl,0,0
1042,13,13,59.4,39.2,2182,1.0,1205.75,0,dqn,rl,0,0
1043,13,13,58.3,38.6,2153,1.0,1209.0,0,dqn,rl,0,0
1044,13,13,59.2,39.6,2207,1.0,1212.25,0,dqn,rl,0,0
1045,13,13,54.7,38.2,2131,1.0,1215.5,0,dqn,rl,0,0
1046,13,13,55.3,37.4,2084,1.0,1218.75,0,dqn,rl,0,0
1047,13,13,55.8,37.3,2078,1.0,1222.0,0,dqn,rl,0,0
1048,13,13,58.8,37.9,2109,1.0,1225.25,0,dqn,rl,0,0
1049,13,13,50.2,35.7,1989,1.0,1228.5,0,dqn,rl,0,0
1050,13,13,51.4,35.9,2002,1.0,1231.75,0,dqn,rl,0,0
1051,13,13,50.2,33.3,1855,1.0,1235.0,0,dqn,rl,0,0
1052,8,8,86.7,51.0,1749,1.0,1237.0,1,dqn,rl,0,0
1053,8,8,83.2,48.6,1666,1.0,1239.0,0,dqn,rl,0,0
1054,8,8,77.4,46.8,1606,1.0,1241.0,0,dqn,rl,0,0
1055,8,8,72.2,44.6,1530,1.0,1243.0,0,dqn,rl,0,0
1056,8,8,74.5,46.1,1580,1.0,1245.0,0,dqn,rl,0,0
1057,8,8,71.5,45.2,1550,1.0,1247.0,0,dqn,rl,0,0
1058,8,8,67.8,43.2,1481,1.0,1249.0,0,dqn,rl,0,0
1059,6,6,101.5,54.7,1406,1.0,1250.5,1,dqn,rl,0,0
1060,5,5,126.9,65.4,1402,1.0,1251.75,1,dqn,rl,0,0
1061,5,5,122.8,63.5,1360,1.0,1253.0,0,dqn,rl,0,0
1062,5,5,106.1,58.5,1254,1.0,1254.25,0,dqn,rl,0,0
1063,5,5,97.8,56.2,1205,1.0,1255.5,0,dqn,rl,0,0
1064,4,4,135.9,68.6,1176,0.9999,1256.5,1,dqn,rl,0,0
1065,4,4,134.7,69.8,1196,0.9999,1257.5,0,dqn,rl,0,0
1066,4,4,136.1,70.7,1212,0.9999,1258.5,0,dqn,rl,0,0
1067,4,4,127.1,67.5,1157,0.9999,1259.5,0,dqn,rl,0,0
1068,4,4,118.5,61.7,1058,1.0,1260.5,0,dqn,rl,0,0
1069,4,4,115.0,59.9,1027,1.0,1261.5,0,dqn,rl,0,0
1070,4,4,96.2,52.6,902,1.0,1262.5,0,dqn,rl,0,0
1071,4,4,89.4,49.3,846,1.0,1263.5,0,dqn,rl,0,0
1072,4,4,89.5,52.1,893,1.0,1264.5,0,dqn,rl,0,0
1073,4,4,113.8,61.8,1060,1.0,1265.5,0,dqn,rl,0,0
1074,4,4,93.5,54.0,925,1.0,1266.5,0,dqn,rl,0,0
1075,4,4,84.9,47.9,821,1.0,1267.5,0,dqn,rl,0,0
1076,4,4,69.1,44.3,759,1.0,1268.5,0,dqn,rl,0,0
1077,4,4,73.5,44.9,770,1.0,1269.5,0,dqn,rl,0,0
1078,4,4,73.7,44.4,762,1.0,1270.5,0,dqn,rl,0,0
1079,4,4,76.7,48.2,826,1.0,1271.5,0,dqn,rl,0,0
1080,4,4,97.0,53.3,914,1.0,1272.5,0,dqn,rl,0,0
1081,4,4,109.0,57.7,989,1.0,1273.5,0,dqn,rl,0,0
1082,4,4,102.7,56.4,967,1.0,1274.5,0,dqn,rl,0,0
1083,4,4,90.1,52.6,902,1.0,1275.5,0,dqn,rl,0,0
1084,4,4,92.7,51.6,884,1.0,1276.5,0,dqn,rl,0,0
1085,4,4,97.1,53.8,923,1.0,1277.5,0,dqn,rl,0,0
1086,4,4,129.9,65.5,1123,1.0,1278.5,0,dqn,rl,0,0
1087,4,4,126.9,66.8,1145,0.9999,1279.5,0,dqn,rl,0,0
1088,4,4,113.1,63.3,1085,1.0,1280.5,0,dqn,rl,0,0
1089,4,4,144.2,72.6,1244,0.9999,1281.5,0,dqn,rl,0,0
1090,4,4,128.6,65.7,1127,1.0,1282.5,0,dqn,rl,0,0
1091,4,4,94.7,55.2,946,1.0,1283.5,0,dqn,rl,0,0
1092,4,4,112.1,61.5,1054,1.0,1284.5,0,dqn,rl,0,0
1093,4,4,97.9,56.2,964,1.0,1285.5,0,dqn,rl,0,0
1094,4,4,125.0,64.4,1104,1.0,1286.5,0,dqn,rl,0,0
1095,4,4,108.4,61.6,1056,1.0,1287.5,0,dqn,rl,0,0
1096,4,4,93.9,51.9,889,1.0,1288.5,0,dqn,rl,0,0
1097,4,4,87.9,51.9,890,1.0,1289.5,0,dqn,rl,0,0
1098,4,4,91.5,51.4,881,1.0,1290.5,0,dqn,rl,0,0
1099,4,4,101.5,56.6,970,1.0,1291.5,0,dqn,rl,0,0
1100,4,4,80.8,48.6,834,1.0,1292.5,0,dqn,rl,0,0
1101,4,4,90.4,52.3,896,1.0,1293.5,0,dqn,rl,0,0
1102,4,4,80.7,47.5,815,1.0,1294.5,0,dqn,rl,0,0
1103,4,4,75.7,46.5,797,1.0,1295.5,0,dqn,rl,0,0
1104,4,4,93.2,52.8,905,1.0,1296.5,0,dqn,rl,0,0
1105,4,4,90.7,52.6,901,1.0,1297.5,0,dqn,rl,0,0
1106,4,4,99.5,55.3,948,1.0,1298.5,0,dqn,rl,0,0
1107,4,4,122.6,64.6,1107,1.0,1299.5,0,dqn,rl,0,0
1108,4,4,142.6,70.3,1206,0.9999,1300.5,0,dqn,rl,0,0
1109,4,4,151.3,77.7,1333,0.9999,1301.5,0,dqn,rl,0,0
1110,5,5,138.9,70.1,1503,0.9999,1302.75,1,dqn,rl,0,0
1111,6,6,120.4,63.1,1623,1.0,1304.25,1,dqn,rl,0,0
1112,8,8,87.7,51.5,1765,1.0,1306.25,1,dqn,rl,0,0
1113,8,8,89.5,52.5,1800,1.0,1308.25,0,dqn,rl,0,0
1114,8,8,99.1,55.1,1889,1.0,1310.25,0,dqn,rl,0,0
1115,8,8,98.5,54.0,1851,1.0,1312.25,0,dqn,rl,0,0
1116,8,8,82.2,48.2,1654,1.0,1314.25,0,dqn,rl,0,0
1117,8,8,80.7,47.3,1621,1.0,1316.25,0,dqn,rl,0,0
1118,8,8,55.4,39.3,1349,1.0,1318.25,0,dqn,rl,0,0
1119,5,5,113.4,58.8,1261,1.0,1319.5,1,dqn,rl,0,0
1120,5,5,97.5,53.6,1148,1.0,1320.75,0,dqn,rl,0,0
1121,4,4,109.1,60.0,1028,1.0,1321.75,1,dqn,rl,0,0
1122,4,4,87.3,51.9,889,1.0,1322.75,0,dqn,rl,0,0
1123,4,4,81.1,47.8,819,1.0,1323.75,0,dqn,rl,0,0
1124,4,4,85.7,49.3,845,1.0,1324.75,0,dqn,rl,0,0
1125,4,4,90.7,52.1,894,1.0,1325.75,0,dqn,rl,0,0
1126,4,4,79.1,47.8,819,1.0,1326.75,0,dqn,rl,0,0
1127,4,4,63.7,41.1,704,1.0,1327.75,0,dqn,rl,0,0
1128,3,3,96.9,54.2,697,1.0,1328.5,1,dqn,rl,0,0
1129,3,3,107.8,57.7,742,1.0,1329.25,0,dqn,rl,0,0
1130,4,4,97.8,53.4,916,1.0,1330.25,1,dqn,rl,0,0
1131,4,4,77.6,47.0,806,1.0,1331.25,0,dqn,rl,0,0
1132,4,4,73.7,44.6,764,1.0,1332.25,0,dqn,rl,0,0
1133,4,4,73.0,45.7,784,1.0,1333.25,0,dqn,rl,0,0
1134,4,4,73.1,43.9,753,1.0,1334.25,0,dqn,rl,0,0
1135,4,4,75.9,47.5,815,1.0,1335.25,0,dqn,rl,0,0
1136,4,4,73.3,45.7,783,1.0,1336.25,0,dqn,rl,0,0
1137,4,4,80.0,48.2,826,1.0,1337.25,0,dqn,rl,0,0
1138,4,4,74.8,44.9,770,1.0,1338.25,0,dqn,rl,0,0
1139,4,4,64.0,42.1,722,1.0,1339.25,0,dqn,rl,0,0
1140,3,3,106.3,56.9,732,1.0,1340.0,1,dqn,rl,0,0
1141,4,4,69.1,43.2,740,1.0,1341.0,1,dqn,rl,0,0
1142,4,4,78.9,46.5,798,1.0,1342.0,0,dqn,rl,0,0
1143,4,4,86.0,48.5,831,1.0,1343.0,0,dqn,rl,0,0
1144,4,4,91.7,53.0,908,1.0,1344.0,0,dqn,rl,0,0
1145,4,4,98.7,55.4,949,1.0,1345.0,0,dqn,rl,0,0
1146,4,4,99.2,53.1,911,1.0,1346.0,0,dqn,rl,0,0
1147,4,4,91.7,51.6,885,1.0,1347.0,0,dqn,rl,0,0
1148,4,4,83.1,50.3,863,1.0,1348.0,0,dqn,rl,0,0
1149,4,4,92.2,51.4,881,1.0,1349.0,0,dqn,rl,0,0
1150,4,4,93.9,53.1,910,1.0,1350.0,0,dqn,rl,0,0
1151,4,4,84.1,48.9,838,1.0,1351.0,0,dqn,rl,0,0
1152,4,4,83.5,48.1,825,1.0,1352.0,0,dqn,rl,0,0
1153,4,4,81.8,48.9,838,1.0,1353.0,0,dqn,rl,0,0
1154,4,4,75.4,44.9,770,1.0,1354.0,0,dqn,rl,0,0
1155,4,4,102.0,55.6,953,1.0,1355.0,0,dqn,rl,0,0
1156,4,4,89.2,52.5,900,1.0,1356.0,0,dqn,rl,0,0
1157,4,4,84.0,50.5,866,1.0,1357.0,0,dqn,rl,0,0
1158,4,4,79.9,47.2,809,1.0,1358.0,0,dqn,rl,0,0
1159,4,4,88.3,50.0,858,1.0,1359.0,0,dqn,rl,0,0
1160,4,4,76.7,47.4,812,1.0,1360.0,0,dqn,rl,0,0
1161,4,4,94.7,52.4,899,1.0,1361.0,0,dqn,rl,0,0
1162,4,4,92.5,52.1,894,1.0,1362.0,0,dqn,rl,0,0
1163,4,4,87.8,49.3,846,1.0,1363.0,0,dqn,rl,0,0
1164,4,4,80.0,46.6,799,1.0,1364.0,0,dqn,rl,0,0
1165,4,4,77.1,47.5,814,1.0,1365.0,0,dqn,rl,0,0
1166,4,4,79.7,45.8,786,1.0,1366.0,0,dqn,rl,0,0
1167,4,4,65.1,42.6,731,1.0,1367.0,0,dqn,rl,0,0
1168,4,4,77.3,47.1,807,1.0,1368.0,0,dqn,rl,0,0
1169,4,4,71.2,45.1,773,1.0,1369.0,0,dqn,rl,0,0
1170,4,4,72.6,45.3,776,1.0,1370.0,0,dqn,rl,0,0
1171,4,4,79.7,47.7,818,1.0,1371.0,0,dqn,rl,0,0
1172,4,4,80.2,48.1,824,1.0,1372.0,0,dqn,rl,0,0
1173,4,4,97.9,55.1,945,1.0,1373.0,0,dqn,rl,0,0
1174,4,4,95.8,54.4,933,1.0,1374.0,0,dqn,rl,0,0
1175,4,4,90.1,53.0,908,1.0,1375.0,0,dqn,rl,0,0
1176,4,4,102.7,55.6,953,1.0,1376.0,0,dqn,rl,0,0
1177,4,4,115.5,61.2,1050,1.0,1377.0,0,dqn,rl,0,0
1178,4,4,124.9,63.5,1088,1.0,1378.0,0,dqn,rl,0,0
1179,4,4,134.0,69.4,1189,0.9999,1379.0,0,dqn,rl,0,0
1180,4,4,183.3,86.8,1489,0.9997,1380.0,0,dqn,rl,0,0
1181,6,6,93.1,52.9,1361,1.0,1381.5,1,dqn,rl,0,0
1182,5,5,143.2,70.0,1501,0.9999,1382.75,1,dqn,rl,0,0
1183,6,6,111.1,60.0,1544,1.0,1384.25,1,dqn,rl,0,0
1184,6,6,113.2,60.2,1548,1.0,1385.75,0,dqn,rl,0,0
1185,6,6,129.1,66.0,1697,1.0,1387.25,0,dqn,rl,0,0
1186,8,8,86.6,49.2,1686,1.0,1389.25,1,dqn,rl,0,0
1187,8,8,81.5,49.8,1707,1.0,1391.25,0,dqn,rl,0,0
1188,8,8,79.4,47.0,1613,1.0,1393.25,0,dqn,rl,0,0
1189,8,8,82.0,49.1,1685,1.0,1395.25,0,dqn,rl,0,0
1190,8,8,84.3,48.9,1678,1.0,1397.25,0,dqn,rl,0,0
1191,8,8,81.5,48.0,1646,1.0,1399.25,0,dqn,rl,0,0
1192,8,8,77.5,47.0,1611,1.0,1401.25,0,dqn,rl,0,0
1193,8,8,70.5,44.4,1521,1.0,1403.25,0,dqn,rl,0,0
1194,8,8,66.1,41.5,1422,1.0,1405.25,0,dqn,rl,0,0
1195,6,6,105.0,58.6,1507,1.0,1406.75,1,dqn,rl,0,0
1196,6,6,102.5,55.5,1427,1.0,1408.25,0,dqn,rl,0,0
1197,5,5,111.1,58.7,1257,1.0,1409.5,1,dqn,rl,0,0
1198,5,5,94.6,53.5,1146,1.0,1410.75,0,dqn,rl,0,0
1199,4,4,116.5,62.3,1068,1.0,1411.75,1,dqn,rl,0,0
1200,4,4,122.3,65.2,1118,1.0,1412.75,0,dqn,rl,0,0
1201,4,4,104.6,59.3,1016,1.0,1413.75,0,dqn,rl,0,0
1202,4,4,101.5,56.1,962,1.0,1414.75,0,dqn,rl,0,0
1203,4,4,96.6,54.8,939,1.0,1415.75,0,dqn,rl,0,0
1204,4,4,109.8,56.9,975,1.0,1416.75,0,dqn,rl,0,0
1205,4,4,95.8,54.8,939,1.0,1417.75,0,dqn,rl,0,0
1206,4,4,101.8,55.9,959,1.0,1418.75,0,dqn,rl,0,0
1207,4,4,91.0,51.2,878,1.0,1419.75,0,dqn,rl,0,0
1208,4,4,93.0,51.1,876,1.0,1420.75,0,dqn,rl,0,0
1209,4,4,78.0,46.1,791,1.0,1421.75,0,dqn,rl,0,0
1210,4,4,72.9,44.5,763,1.0,1422.75,0,dqn,rl,0,0
1211,4,4,72.1,43.5,746,1.0,1423.75,0,dqn,rl,0,0
1212,4,4,105.5,56.5,968,1.0,1424.75,0,dqn,rl,0,0
1213,4,4,96.5,54.1,928,1.0,1425.75,0,dqn,rl,0,0
1214,4,4,89.7,51.7,886,1.0,1426.75,0,dqn,rl,0,0
1215,4,4,103.9,58.7,1007,1.0,1427.75,0,dqn,rl,0,0
1216,4,4,85.9,50.9,873,1.0,1428.75,0,dqn,rl,0,0
1217,4,4,77.5,49.1,842,1.0,1429.75,0,dqn,rl,0,0
1218,4,4,83.2,49.9,856,1.0,1430.75,0,dqn,rl,0,0
1219,4,4,83.6,49.8,854,1.0,1431.75,0,dqn,rl,0,0
1220,4,4,73.5,44.8,768,1.0,1432.75,0,dqn,rl,0,0
1221,4,4,70.4,45.4,778,1.0,1433.75,0,dqn,rl,0,0
1222,4,4,81.2,47.5,814,1.0,1434.75,0,dqn,rl,0,0
1223,4,4,80.8,47.0,805,1.0,1435.75,0,dqn,rl,0,0
1224,4,4,93.9,52.3,897,1.0,1436.75,0,dqn,rl,0,0
1225,4,4,89.8,51.3,880,1.0,1437.75,0,dqn,rl,0,0
1226,4,4,94.9,52.3,897,1.0,1438.75,0,dqn,rl,0,0
1227,4,4,87.5,50.7,869,1.0,1439.75,0,dqn,rl,0,0
1228,4,4,82.1,47.0,806,1.0,1440.75,0,dqn,rl,0,0
1229,4,4,75.2,46.7,800,1.0,1441.75,0,dqn,rl,0,0
1230,4,4,92.7,52.4,898,1.0,1442.75,0,dqn,rl,0,0
1231,4,4,115.8,62.6,1074,1.0,1443.75,0,dqn,rl,0,0
1232,4,4,94.7,52.0,891,1.0,1444.75,0,dqn,rl,0,0
1233,4,4,73.2,44.1,756,1.0,1445.75,0,dqn,rl,0,0
1234,4,4,80.7,46.7,800,1.0,1446.75,0,dqn,rl,0,0
1235,4,4,86.3,50.0,857,1.0,1447.75,0,dqn,rl,0,0
1236,4,4,92.0,51.6,884,1.0,1448.75,0,dqn,rl,0,0
1237,4,4,88.1,50.7,870,1.0,1449.75,0,dqn,rl,0,0
1238,4,4,87.7,52.1,894,1.0,1450.75,0,dqn,rl,0,0
1239,4,4,108.8,58.2,998,1.0,1451.75,0,dqn,rl,0,0
1240,4,4,88.1,50.7,870,1.0,1452.75,0,dqn,rl,0,0
1241,4,4,90.3,52.2,895,1.0,1453.75,0,dqn,rl,0,0
1242,4,4,80.4,49.5,848,1.0,1454.75,0,dqn,rl,0,0
1243,4,4,75.7,45.5,780,1.0,1455.75,0,dqn,rl,0,0
1244,4,4,89.6,51.8,888,1.0,1456.75,0,dqn,rl,0,0
1245,4,4,69.1,44.8,768,1.0,1457.75,0,dqn,rl,0,0
1246,4,4,62.1,41.4,710,1.0,1458.75,0,dqn,rl,0,0
1247,3,3,103.3,56.8,730,1.0,1459.5,1,dqn,rl,0,0
1248,4,4,66.4,42.3,726,1.0,1460.5,1,dqn,rl,0,0
1249,4,4,71.2,43.9,753,1.0,1461.5,0,dqn,rl,0,0
1250,4,4,83.8,47.7,817,1.0,1462.5,0,dqn,rl,0,0
1251,4,4,88.3,51.6,885,1.0,1463.5,0,dqn,rl,0,0
1252,4,4,87.1,51.7,886,1.0,1464.5,0,dqn,rl,0,0
1253,4,4,114.5,62.8,1076,1.0,1465.5,0,dqn,rl,0,0
1254,4,4,109.7,61.8,1060,1.0,1466.5,0,dqn,rl,0,0
1255,4,4,91.2,51.6,884,1.0,1467.5,0,dqn,rl,0,0
1256,4,4,95.8,53.3,913,1.0,1468.5,0,dqn,rl,0,0
1257,4,4,113.4,58.0,994,1.0,1469.5,0,dqn,rl,0,0
1258,4,4,92.4,52.1,894,1.0,1470.5,0,dqn,rl,0,0
1259,4,4,88.6,50.5,866,1.0,1471.5,0,dqn,rl,0,0
1260,4,4,91.1,53.1,910,1.0,1472.5,0,dqn,rl,0,0
1261,4,4,90.9,53.0,908,1.0,1473.5,0,dqn,rl,0,0
1262,4,4,106.3,56.9,976,1.0,1474.5,0,dqn,rl,0,0
1263,4,4,113.4,59.6,1022,1.0,1475.5,0,dqn,rl,0,0
1264,4,4,110.6,59.7,1023,1.0,1476.5,0,dqn,rl,0,0
1265,4,4,107.1,59.4,1019,1.0,1477.5,0,dqn,rl,0,0
1266,4,4,101.1,55.5,952,1.0,1478.5,0,dqn,rl,0,0
1267,4,4,97.6,54.2,929,1.0,1479.5,0,dqn,rl,0,0
1268,4,4,84.1,49.9,855,1.0,1480.5,0,dqn,rl,0,0
1269,4,4,87.8,50.2,860,1.0,1481.5,0,dqn,rl,0,0
1270,4,4,84.9,50.4,864,1.0,1482.5,0,dqn,rl,0,0
1271,4,4,80.9,48.9,839,1.0,1483.5,0,dqn,rl,0,0
1272,4,4,80.0,48.3,828,1.0,1484.5,0,dqn,rl,0,0
1273,4,4,80.4,48.3,828,1.0,1485.5,0,dqn,rl,0,0
1274,4,4,83.0,48.5,831,1.0,1486.5,0,dqn,rl,0,0
1275,4,4,92.9,52.2,895,1.0,1487.5,0,dqn,rl,0,0
1276,4,4,81.7,46.7,801,1.0,1488.5,0,dqn,rl,0,0
1277,4,4,101.3,55.2,947,1.0,1489.5,0,dqn,rl,0,0
1278,4,4,104.1,59.6,1021,1.0,1490.5,0,dqn,rl,0,0
1279,4,4,83.2,49.2,844,1.0,1491.5,0,dqn,rl,0,0
1280,4,4,88.1,51.7,887,1.0,1492.5,0,dqn,rl,0,0
1281,4,4,101.6,55.2,947,1.0,1493.5,0,dqn,rl,0,0
1282,4,4,93.3,51.9,890,1.0,1494.5,0,dqn,rl,0,0
1283,4,4,78.6,46.9,804,1.0,1495.5,0,dqn,rl,0,0
1284,4,4,85.2,50.9,872,1.0,1496.5,0,dqn,rl,0,0
1285,4,4,99.6,55.9,958,1.0,1497.5,0,dqn,rl,0,0
1286,4,4,80.6,47.9,821,1.0,1498.5,0,dqn,rl,0,0
1287,4,4,78.8,46.4,796,1.0,1499.5,0,dqn,rl,0,0
1288,4,4,82.9,47.1,808,1.0,1500.5,0,dqn,rl,0,0
1289,4,4,67.9,43.7,749,1.0,1501.5,0,dqn,rl,0,0
1290,4,4,101.1,56.0,960,1.0,1502.5,0,dqn,rl,0,0
1291,4,4,89.8,53.3,914,1.0,1503.5,0,dqn,rl,0,0
1292,4,4,78.9,49.1,842,1.0,1504.5,0,dqn,rl,0,0
1293,4,4,82.8,47.5,815,1.0,1505.5,0,dqn,rl,0,0
1294,4,4,75.9,46.1,791,1.0,1506.5,0,dqn,rl,0,0
1295,4,4,75.4,45.8,785,1.0,1507.5,0,dqn,rl,0,0
1296,4,4,76.6,45.3,776,1.0,1508.5,0,dqn,rl,0,0
1297,4,4,77.9,46.7,801,1.0,1509.5,0,dqn,rl,0,0
1298,4,4,69.3,42.9,735,1.0,1510.5,0,dqn,rl,0,0
1299,4,4,60.8,40.4,692,1.0,1511.5,0,dqn,rl,0,0
1300,3,3,108.7,58.7,755,1.0,1512.25,1,dqn,rl,0,0
1301,4,4,65.0,41.2,706,1.0,1513.25,1,dqn,rl,0,0
1302,3,3,94.4,54.0,694,1.0,1514.0,1,dqn,rl,0,0
1303,3,3,83.2,51.5,662,1.0,1514.75,0,dqn,rl,0,0
1304,3,3,107.3,57.2,735,1.0,1515.5,0,dqn,rl,0,0
1305,4,4,72.4,45.3,777,1.0,1516.5,1,dqn,rl,0,0
1306,4,4,70.0,42.7,732,1.0,1517.5,0,dqn,rl,0,0
1307,4,4,66.5,41.2,707,1.0,1518.5,0,dqn,rl,0,0
1308,3,3,109.4,57.8,743,1.0,1519.25,1,dqn,rl,0,0
1309,4,4,81.6,48.6,834,1.0,1520.25,1,dqn,rl,0,0
1310,4,4,79.0,49.3,846,1.0,1521.25,0,dqn,rl,0,0
1311,4,4,82.6,48.4,829,1.0,1522.25,0,dqn,rl,0,0
1312,4,4,70.8,43.0,738,1.0,1523.25,0,dqn,rl,0,0
1313,4,4,70.5,44.0,754,1.0,1524.25,0,dqn,rl,0,0
1314,4,4,73.5,45.8,786,1.0,1525.25,0,dqn,rl,0,0
1315,4,4,91.9,52.3,897,1.0,1526.25,0,dqn,rl,0,0
1316,4,4,74.3,44.1,756,1.0,1527.25,0,dqn,rl,0,0
1317,4,4,76.5,45.8,785,1.0,1528.25,0,dqn,rl,0,0
1318,4,4,73.8,44.6,765,1.0,1529.25,0,dqn,rl,0,0
1319,4,4,70.6,43.2,741,1.0,1530.25,0,dqn,rl,0,0
1320,4,4,75.1,46.1,790,1.0,1531.25,0,dqn,rl,0,0
1321,4,4,89.6,51.0,874,1.0,1532.25,0,dqn,rl,0,0
1322,4,4,107.7,57.8,991,1.0,1533.25,0,dqn,rl,0,0
1323,4,4,150.8,75.5,1294,0.9999,1534.25,0,dqn,rl,0,0
1324,5,5,124.4,66.0,1415,1.0,1535.5,1,dqn,rl,0,0
1325,5,5,124.6,63.2,1354,1.0,1536.75,0,dqn,rl,0,0
1326,5,5,119.1,60.4,1295,1.0,1538.0,0,dqn,rl,0,0
1327,5,5,90.4,50.4,1081,1.0,1539.25,0,dqn,rl,0,0
1328,4,4,97.8,54.3,931,1.0,1540.25,1,dqn,rl,0,0
1329,4,4,80.4,46.7,801,1.0,1541.25,0,dqn,rl,0,0
1330,4,4,71.5,43.6,747,1.0,1542.25,0,dqn,rl,0,0
1331,4,4,65.1,41.5,711,1.0,1543.25,0,dqn,rl,0,0
1332,3,3,95.9,54.6,702,1.0,1544.0,1,dqn,rl,0,0
1333,3,3,96.0,54.3,698,1.0,1544.75,0,dqn,rl,0,0
1334,3,3,92.9,51.3,660,1.0,1545.5,0,dqn,rl,0,0
1335,3,3,122.7,64.6,830,1.0,1546.25,0,dqn,rl,0,0
1336,4,4,92.1,51.3,879,1.0,1547.25,1,dqn,rl,0,0
1337,4,4,65.7,41.9,719,1.0,1548.25,0,dqn,rl,0,0
1338,3,3,95.8,54.8,705,1.0,1549.0,1,dqn,rl,0,0
1339,3,3,101.1,57.0,733,1.0,1549.75,0,dqn,rl,0,0
1340,4,4,69.6,43.7,750,1.0,1550.75,1,dqn,rl,0,0
1341,4,4,71.5,44.8,768,1.0,1551.75,0,dqn,rl,0,0
1342,4,4,60.0,40.0,685,1.0,1552.75,0,dqn,rl,0,0
1343,3,3,112.0,57.5,739,1.0,1553.5,1,dqn,rl,0,0
1344,4,4,63.1,40.0,685,1.0,1554.5,1,dqn,rl,0,0
1345,3,3,98.5,53.6,689,1.0,1555.25,1,dqn,rl,0,0
1346,3,3,83.0,49.8,640,1.0,1556.0,0,dqn,rl,0,0
1347,3,3,85.6,48.8,628,1.0,1556.75,0,dqn,rl,0,0
1348,3,3,84.6,49.9,641,1.0,1557.5,0,dqn,rl,0,0
1349,3,3,88.1,50.8,653,1.0,1558.25,0,dqn,rl,0,0
1350,3,3,100.4,55.3,711,1.0,1559.0,0,dqn,rl,0,0
1351,3,3,99.5,55.0,707,1.0,1559.75,0,dqn,rl,0,0
1352,3,3,77.4,47.5,611,1.0,1560.5,0,dqn,rl,0,0
1353,3,3,104.6,55.7,716,1.0,1561.25,0,dqn,rl,0,0
1354,3,3,87.9,50.7,652,1.0,1562.0,0,dqn,rl,0,0
1355,3,3,100.3,53.1,683,1.0,1562.75,0,dqn,rl,0,0
1356,3,3,93.1,52.7,678,1.0,1563.5,0,dqn,rl,0,0
1357,3,3,89.3,50.6,650,1.0,1564.25,0,dqn,rl,0,0
1358,3,3,92.2,52.6,676,1.0,1565.0,0,dqn,rl,0,0
1359,3,3,103.8,55.8,717,1.0,1565.75,0,dqn,rl,0,0
1360,3,3,92.5,54.0,694,1.0,1566.5,0,dqn,rl,0,0
1361,3,3,82.0,49.2,633,1.0,1567.25,0,dqn,rl,0,0
1362,3,3,74.9,46.4,597,1.0,1568.0,0,dqn,rl,0,0
1363,3,3,83.9,49.2,632,1.0,1568.75,0,dqn,rl,0,0
1364,3,3,83.5,48.0,617,1.0,1569.5,0,dqn,rl,0,0
1365,3,3,101.7,56.9,732,1.0,1570.25,0,dqn,rl,0,0
1366,4,4,53.6,36.9,633,1.0,1571.25,1,dqn,rl,0,0
1367,3,3,85.7,49.7,639,1.0,1572.0,1,dqn,rl,0,0
1368,3,3,91.7,51.6,664,1.0,1572.75,0,dqn,rl,0,0
1369,3,3,82.4,47.6,612,1.0,1573.5,0,dqn,rl,0,0
1370,3,3,92.0,52.8,679,1.0,1574.25,0,dqn,rl,0,0
1371,3,3,80.7,49.3,634,1.0,1575.0,0,dqn,rl,0,0
1372,3,3,67.9,44.4,571,1.0,1575.75,0,dqn,rl,0,0
1373,2,2,144.9,74.1,635,0.9999,1576.25,1,dqn,rl,0,0
1374,3,3,96.9,53.0,681,1.0,1577.0,1,dqn,rl,0,0
1375,3,3,113.8,62.8,808,1.0,1577.75,0,dqn,rl,0,0
1376,4,4,82.2,48.0,823,1.0,1578.75,1,dqn,rl,0,0
1377,4,4,69.6,43.2,741,1.0,1579.75,0,dqn,rl,0,0
1378,4,4,68.4,42.2,723,1.0,1580.75,0,dqn,rl,0,0
1379,4,4,57.4,39.5,678,1.0,1581.75,0,dqn,rl,0,0
1380,3,3,103.2,56.1,721,1.0,1582.5,1,dqn,rl,0,0
1381,3,3,104.7,58.2,748,1.0,1583.25,0,dqn,rl,0,0
1382,4,4,91.7,51.5,883,1.0,1584.25,1,dqn,rl,0,0
1383,4,4,74.6,45.4,779,1.0,1585.25,0,dqn,rl,0,0
1384,4,4,85.3,49.9,856,1.0,1586.25,0,dqn,rl,0,0
1385,4,4,81.4,46.8,803,1.0,1587.25,0,dqn,rl,0,0
1386,4,4,62.9,40.9,702,1.0,1588.25,0,dqn,rl,0,0
1387,3,3,105.0,55.6,715,1.0,1589.0,1,dqn,rl,0,0
1388,3,3,92.1,50.8,653,1.0,1589.75,0,dqn,rl,0,0
1389,3,3,99.6,54.6,702,1.0,1590.5,0,dqn,rl,0,0
1390,3,3,102.3,55.5,714,1.0,1591.25,0,dqn,rl,0,0
1391,3,3,99.4,55.0,707,1.0,1592.0,0,dqn,rl,0,0
1392,3,3,95.6,54.3,698,1.0,1592.75,0,dqn,rl,0,0
1393,3,3,88.5,51.6,664,1.0,1593.5,0,dqn,rl,0,0
1394,3,3,81.1,47.8,615,1.0,1594.25,0,dqn,rl,0,0
1395,3,3,131.3,68.8,885,0.9999,1595.0,0,dqn,rl,0,0
1396,4,4,88.6,50.7,870,1.0,1596.0,1,dqn,rl,0,0
1397,4,4,62.9,40.4,692,1.0,1597.0,0,dqn,rl,0,0
1398,3,3,99.5,54.4,700,1.0,1597.75,1,dqn,rl,0,0
1399,3,3,99.7,58.0,746,1.0,1598.5,0,dqn,rl,0,0
1400,4,4,61.4,40.8,700,1.0,1599.5,1,dqn,rl,0,0
1401,3,3,106.2,57.1,734,1.0,1600.25,1,dqn,rl,0,0
1402,4,4,68.0,43.4,744,1.0,1601.25,1,dqn,rl,0,0
1403,4,4,69.3,43.4,744,1.0,1602.25,0,dqn,rl,0,0
1404,4,4,68.0,44.9,769,1.0,1603.25,0,dqn,rl,0,0
1405,4,4,91.4,52.1,894,1.0,1604.25,0,dqn,rl,0,0
1406,4,4,77.6,46.1,790,1.0,1605.25,0,dqn,rl,0,0
1407,4,4,63.8,41.6,714,1.0,1606.25,0,dqn,rl,0,0
1408,3,3,100.0,55.3,711,1.0,1607.0,1,dqn,rl,0,0
1409,3,3,103.4,57.7,742,1.0,1607.75,0,dqn,rl,0,0
1410,4,4,73.9,46.3,794,1.0,1608.75,1,dqn,rl,0,0
1411,4,4,80.8,47.6,816,1.0,1609.75,0,dqn,rl,0,0
1412,4,4,76.1,47.6,816,1.0,1610.75,0,dqn,rl,0,0
1413,4,4,74.9,46.3,794,1.0,1611.75,0,dqn,rl,0,0
1414,4,4,73.0,44.7,766,1.0,1612.75,0,dqn,rl,0,0
1415,4,4,77.9,45.5,780,1.0,1613.75,0,dqn,rl,0,0
1416,4,4,62.4,41.1,705,1.0,1614.75,0,dqn,rl,0,0
1417,3,3,121.6,61.2,787,1.0,1615.5,1,dqn,rl,0,0
1418,4,4,65.8,42.8,733,1.0,1616.5,1,dqn,rl,0,0
1419,4,4,54.2,38.7,664,1.0,1617.5,0,dqn,rl,0,0
1420,3,3,107.4,57.6,741,1.0,1618.25,1,dqn,rl,0,0
1421,4,4,63.8,41.5,711,1.0,1619.25,1,dqn,rl,0,0
1422,3,3,97.8,54.4,700,1.0,1620.0,1,dqn,rl,0,0
1423,3,3,107.2,57.4,738,1.0,1620.75,0,dqn,rl,0,0
1424,4,4,66.3,43.0,738,1.0,1621.75,1,dqn,rl,0,0
1425,4,4,85.2,48.8,836,1.0,1622.75,0,dqn,rl,0,0
1426,4,4,77.7,47.4,813,1.0,1623.75,0,dqn,rl,0,0
1427,4,4,78.8,45.3,776,1.0,1624.75,0,dqn,rl,0,0
1428,4,4,67.2,43.9,753,1.0,1625.75,0,dqn,rl,0,0
1429,4,4,62.3,40.3,691,1.0,1626.75,0,dqn,rl,0,0
1430,3,3,101.5,53.6,689,1.0,1627.5,1,dqn,rl,0,0
1431,3,3,88.4,51.0,656,1.0,1628.25,0,dqn,rl,0,0
1432,3,3,69.9,43.6,560,1.0,1629.0,0,dqn,rl,0,0
1433,2,2,137.2,68.5,587,0.9999,1629.5,1,dqn,rl,0,0
1434,3,3,74.2,46.0,591,1.0,1630.25,1,dqn,rl,0,0
1435,3,3,88.6,49.5,637,1.0,1631.0,0,dqn,rl,0,0
1436,3,3,68.7,45.3,582,1.0,1631.75,0,dqn,rl,0,0
1437,3,3,77.0,46.0,592,1.0,1632.5,0,dqn,rl,0,0
1438,3,3,69.9,44.1,567,1.0,1633.25,0,dqn,rl,0,0
1439,2,2,139.6,70.7,606,0.9999,1633.75,1,dqn,rl,0,0
