step,replicas,ready_replicas,latency_p90,cpu_pct,requests,success_rate,vcpu_minutes,scale_event,memory_pct,network_pct,oom_kills,pending_pods,llm_model,llm_variant,llm_tokens_used,llm_latency_ms
0,12,3,127.5,91.8,551,0.9163,3.0,1,15.5,1.2,0,9,dqn,rl_v2,0,0
1,12,9,10.7,48.1,520,1.0,7.5,0,14.8,0.9,0,3,dqn,rl_v2,0,0
2,12,12,11.6,37.8,499,1.0,13.5,0,13.2,0.8,0,0,dqn,rl_v2,0,0
3,7,7,8.0,44.2,513,1.0,17.0,1,13.7,1.4,0,0,dqn,rl_v2,0,0
4,7,7,8.3,37.1,519,1.0,20.5,0,13.7,1.5,0,0,dqn,rl_v2,0,0
5,6,6,26.6,47.6,571,1.0,23.5,1,13.9,1.9,0,0,dqn,rl_v2,0,0
6,5,5,100.8,79.5,795,0.941,26.0,1,15.0,2.6,0,0,dqn,rl_v2,0,0
7,12,5,128.0,93.3,933,0.9134,28.5,1,15.5,3.1,0,7,dqn,rl_v2,0,0
8,12,9,43.1,69.2,913,0.9986,33.0,0,15.5,2.0,0,3,dqn,rl_v2,0,0
9,12,10,18.5,60.6,848,1.0,38.0,0,14.0,1.7,0,2,dqn,rl_v2,0,0
10,12,12,10.7,43.6,890,1.0,44.0,0,13.8,1.5,0,0,dqn,rl_v2,0,0
11,8,8,50.4,60.1,889,0.9889,48.0,1,14.1,2.2,0,0,dqn,rl_v2,0,0
12,11,8,30.5,48.0,768,1.0,52.0,1,14.0,1.9,0,3,dqn,rl_v2,0,0
13,12,9,17.8,46.5,782,1.0,56.5,1,13.9,1.7,0,3,dqn,rl_v2,0,0
14,12,12,9.9,40.3,774,1.0,62.5,0,13.8,1.3,0,0,dqn,rl_v2,0,0
15,12,12,9.3,38.7,790,1.0,68.5,0,13.5,1.3,0,0,dqn,rl_v2,0,0
16,8,8,34.4,50.0,800,1.0,72.5,1,14.0,2.0,0,0,dqn,rl_v2,0,0
17,11,8,49.3,56.0,896,0.988,76.5,1,14.1,2.2,0,3,dqn,rl_v2,0,0
18,12,10,25.5,52.1,917,1.0,81.5,1,14.4,1.8,0,2,dqn,rl_v2,0,0
19,12,11,17.2,50.7,933,1.0,87.0,0,13.9,1.7,0,1,dqn,rl_v2,0,0
20,12,12,9.4,41.4,894,1.0,93.0,0,13.8,1.5,0,0,dqn,rl_v2,0,0
21,12,12,9.1,38.8,885,1.0,99.0,0,13.8,1.4,0,0,dqn,rl_v2,0,0
22,12,12,9.0,34.1,818,1.0,105.0,0,13.8,1.3,0,0,dqn,rl_v2,0,0
23,12,12,8.8,33.0,793,1.0,111.0,0,13.4,1.3,0,0,dqn,rl_v2,0,0
24,12,12,9.8,32.9,789,1.0,117.0,0,13.3,1.3,0,0,dqn,rl_v2,0,0
25,12,12,9.2,33.7,809,1.0,123.0,0,13.4,1.3,0,0,dqn,rl_v2,0,0
26,12,12,9.1,33.7,808,1.0,129.0,0,13.5,1.3,0,0,dqn,rl_v2,0,0
27,12,12,9.0,35.8,860,1.0,135.0,0,13.5,1.4,0,0,dqn,rl_v2,0,0
28,12,12,9.2,31.2,750,1.0,141.0,0,13.4,1.2,0,0,dqn,rl_v2,0,0
29,12,12,8.0,31.3,751,1.0,147.0,0,13.5,1.2,0,0,dqn,rl_v2,0,0
30,12,12,9.9,34.3,823,1.0,153.0,0,13.5,1.3,0,0,dqn,rl_v2,0,0
31,12,12,9.5,33.0,792,1.0,159.0,0,13.2,1.3,0,0,dqn,rl_v2,0,0
32,12,12,8.3,28.4,681,1.0,165.0,0,13.3,1.1,0,0,dqn,rl_v2,0,0
33,12,12,8.5,28.2,678,1.0,171.0,0,13.2,1.1,0,0,dqn,rl_v2,0,0
34,7,7,20.9,45.6,638,1.0,174.5,1,13.9,1.8,0,0,dqn,rl_v2,0,0
35,7,7,18.3,43.4,608,1.0,178.0,0,13.6,1.7,0,0,dqn,rl_v2,0,0
36,12,7,10.4,40.8,571,1.0,181.5,1,13.6,1.6,0,5,dqn,rl_v2,0,0
37,12,8,10.0,42.5,629,1.0,185.5,0,13.8,1.5,0,4,dqn,rl_v2,0,0
38,12,12,10.7,34.1,614,1.0,191.5,0,13.7,1.0,0,0,dqn,rl_v2,0,0
39,7,7,16.3,43.9,615,1.0,195.0,1,13.7,1.7,0,0,dqn,rl_v2,0,0
40,7,7,29.6,48.4,678,1.0,198.5,0,13.8,1.9,0,0,dqn,rl_v2,0,0
41,12,7,52.2,57.8,809,0.9844,202.0,1,14.2,2.3,0,5,dqn,rl_v2,0,0
42,12,8,21.8,48.9,724,1.0,206.0,0,14.1,1.8,0,4,dqn,rl_v2,0,0
43,12,9,14.3,48.5,756,1.0,210.5,0,14.2,1.7,0,3,dqn,rl_v2,0,0
44,12,11,9.5,39.8,732,1.0,216.0,0,13.9,1.3,0,1,dqn,rl_v2,0,0
45,12,12,10.5,36.2,738,1.0,222.0,0,13.4,1.2,0,0,dqn,rl_v2,0,0
46,7,7,33.9,49.8,697,1.0,225.5,1,13.9,2.0,0,0,dqn,rl_v2,0,0
47,7,7,36.7,52.3,732,0.9954,229.0,0,14.2,2.1,0,0,dqn,rl_v2,0,0
48,12,7,58.4,58.2,815,0.9836,232.5,1,14.3,2.3,0,5,dqn,rl_v2,0,0
49,12,9,24.0,52.5,819,1.0,237.0,0,14.5,1.8,0,3,dqn,rl_v2,0,0
50,12,11,9.9,48.6,836,1.0,242.5,0,13.9,1.5,0,1,dqn,rl_v2,0,0
51,12,11,10.8,41.9,822,1.0,248.0,0,13.5,1.5,0,1,dqn,rl_v2,0,0
52,12,12,9.2,31.0,707,1.0,254.0,0,13.5,1.2,0,0,dqn,rl_v2,0,0
53,12,12,8.4,29.5,673,1.0,260.0,0,13.6,1.1,0,0,dqn,rl_v2,0,0
54,7,7,22.8,45.2,633,1.0,263.5,1,13.7,1.8,0,0,dqn,rl_v2,0,0
55,7,7,21.0,45.7,640,1.0,267.0,0,13.8,1.8,0,0,dqn,rl_v2,0,0
56,12,7,21.0,44.5,623,1.0,270.5,1,13.8,1.7,0,5,dqn,rl_v2,0,0
57,12,9,8.9,44.7,698,1.0,275.0,0,13.8,1.5,0,3,dqn,rl_v2,0,0
58,12,12,10.3,32.8,590,1.0,281.0,0,13.4,1.0,0,0,dqn,rl_v2,0,0
59,12,12,10.4,29.6,604,1.0,287.0,0,13.2,1.0,0,0,dqn,rl_v2,0,0
60,7,7,33.7,50.3,704,0.9994,290.5,1,13.8,2.0,0,0,dqn,rl_v2,0,0
61,6,6,59.4,59.9,719,0.9802,293.5,1,14.1,2.4,0,0,dqn,rl_v2,0,0
62,12,6,56.3,62.1,745,0.9758,296.5,1,14.1,2.4,0,6,dqn,rl_v2,0,0
63,12,10,8.8,52.3,795,1.0,301.5,0,14.8,1.6,0,2,dqn,rl_v2,0,0
64,12,11,9.9,49.6,793,1.0,307.0,0,14.0,1.4,0,1,dqn,rl_v2,0,0
65,12,12,9.6,34.0,734,1.0,313.0,0,13.7,1.2,0,0,dqn,rl_v2,0,0
66,8,8,20.6,44.5,712,1.0,317.0,1,13.7,1.7,0,0,dqn,rl_v2,0,0
67,7,7,33.1,50.1,702,0.9997,320.5,1,13.8,2.0,0,0,dqn,rl_v2,0,0
68,12,7,42.0,52.1,730,0.9957,324.0,1,14.1,2.1,0,5,dqn,rl_v2,0,0
69,12,9,9.5,40.1,625,1.0,328.5,0,14.0,1.4,0,3,dqn,rl_v2,0,0
70,12,12,9.7,38.6,695,1.0,334.5,0,13.7,1.1,0,0,dqn,rl_v2,0,0
71,7,7,18.3,44.1,618,1.0,338.0,1,14.2,1.7,0,0,dqn,rl_v2,0,0
72,7,7,8.8,39.7,556,1.0,341.5,0,14.0,1.6,0,0,dqn,rl_v2,0,0
73,12,7,13.0,42.1,589,1.0,345.0,1,13.6,1.7,0,5,dqn,rl_v2,0,0
74,12,10,10.6,31.9,523,1.0,350.0,0,13.4,1.0,0,2,dqn,rl_v2,0,0
75,12,11,10.3,35.3,607,1.0,355.5,0,13.3,1.1,0,1,dqn,rl_v2,0,0
76,6,5,101.7,79.4,794,0.9412,358.0,1,15.0,2.6,0,1,dqn,rl_v2,0,0
77,12,6,87.4,82.4,890,0.9517,361.0,1,15.0,2.4,0,6,dqn,rl_v2,0,0
78,12,10,44.3,73.9,1034,0.9966,366.0,0,15.1,1.7,0,2,dqn,rl_v2,0,0
79,12,12,62.8,78.8,1323,0.9898,372.0,0,14.6,2.2,0,0,dqn,rl_v2,0,0
80,11,11,46.8,58.8,1152,0.9953,377.5,1,13.9,2.1,0,0,dqn,rl_v2,0,0
81,12,11,22.4,44.6,982,1.0,383.0,1,13.9,1.8,0,1,dqn,rl_v2,0,0
82,12,11,9.3,38.5,847,1.0,388.5,0,13.8,1.5,0,1,dqn,rl_v2,0,0
83,12,11,9.5,37.4,823,1.0,394.0,0,13.7,1.5,0,1,dqn,rl_v2,0,0
84,12,12,9.4,38.1,868,1.0,400.0,0,13.4,1.4,0,0,dqn,rl_v2,0,0
85,12,12,20.2,46.3,1056,1.0,406.0,0,13.7,1.7,0,0,dqn,rl_v2,0,0
86,12,12,11.8,40.8,980,1.0,412.0,0,13.9,1.6,0,0,dqn,rl_v2,0,0
87,12,12,8.5,38.2,916,1.0,418.0,0,13.5,1.5,0,0,dqn,rl_v2,0,0
88,12,12,11.9,41.0,985,1.0,424.0,0,13.6,1.6,0,0,dqn,rl_v2,0,0
89,12,12,9.0,39.9,958,1.0,430.0,0,13.8,1.6,0,0,dqn,rl_v2,0,0
90,12,12,15.2,42.1,1011,1.0,436.0,0,13.7,1.7,0,0,dqn,rl_v2,0,0
91,12,12,16.2,42.6,1023,1.0,442.0,0,13.9,1.7,0,0,dqn,rl_v2,0,0
92,12,12,15.9,43.0,1031,1.0,448.0,0,13.9,1.7,0,0,dqn,rl_v2,0,0
93,12,12,29.2,47.5,1140,1.0,454.0,0,13.7,1.9,0,0,dqn,rl_v2,0,0
94,12,12,15.8,42.3,1015,1.0,460.0,0,13.7,1.7,0,0,dqn,rl_v2,0,0
95,12,12,12.4,41.2,989,1.0,466.0,0,13.7,1.6,0,0,dqn,rl_v2,0,0
96,12,12,9.5,35.8,858,1.0,472.0,0,13.5,1.4,0,0,dqn,rl_v2,0,0
97,12,12,9.4,34.3,824,1.0,478.0,0,13.6,1.4,0,0,dqn,rl_v2,0,0
98,12,12,9.3,36.5,875,1.0,484.0,0,13.8,1.4,0,0,dqn,rl_v2,0,0
99,12,12,9.2,37.8,906,1.0,490.0,0,13.7,1.5,0,0,dqn,rl_v2,0,0
100,12,12,10.0,32.8,788,1.0,496.0,0,13.5,1.3,0,0,dqn,rl_v2,0,0
101,12,12,10.1,31.4,754,1.0,502.0,0,13.3,1.2,0,0,dqn,rl_v2,0,0
102,12,12,9.5,29.0,697,1.0,508.0,0,13.4,1.1,0,0,dqn,rl_v2,0,0
103,12,12,10.3,30.4,729,1.0,514.0,0,13.5,1.2,0,0,dqn,rl_v2,0,0
104,7,7,71.8,64.9,908,0.9703,517.5,1,14.4,2.6,0,0,dqn,rl_v2,0,0
105,12,7,66.6,62.1,870,0.9757,521.0,1,14.5,2.4,0,5,dqn,rl_v2,0,0
106,12,9,18.4,50.2,783,1.0,525.5,0,14.1,1.7,0,3,dqn,rl_v2,0,0
107,12,12,10.4,43.8,788,1.0,531.5,0,13.8,1.3,0,0,dqn,rl_v2,0,0
108,12,12,9.7,39.3,802,1.0,537.5,0,13.7,1.3,0,0,dqn,rl_v2,0,0
109,8,8,33.8,50.1,802,0.9998,541.5,1,14.0,2.0,0,0,dqn,rl_v2,0,0
110,11,8,46.8,54.1,866,0.9918,545.5,1,13.9,2.1,0,3,dqn,rl_v2,0,0
111,12,9,32.8,52.6,884,1.0,550.0,1,14.3,1.9,0,3,dqn,rl_v2,0,0
112,12,11,9.7,44.0,810,1.0,555.5,0,14.0,1.4,0,1,dqn,rl_v2,0,0
113,12,12,10.0,40.4,824,1.0,561.5,0,13.5,1.4,0,0,dqn,rl_v2,0,0
114,12,12,9.7,36.9,841,1.0,567.5,0,13.5,1.4,0,0,dqn,rl_v2,0,0
115,11,11,8.7,35.6,783,1.0,573.0,1,13.6,1.4,0,0,dqn,rl_v2,0,0
116,12,11,9.2,35.7,785,1.0,578.5,1,14.0,1.4,0,1,dqn,rl_v2,0,0
117,12,11,9.0,33.5,736,1.0,584.0,0,13.5,1.3,0,1,dqn,rl_v2,0,0
118,12,11,9.0,35.1,772,1.0,589.5,0,13.6,1.4,0,1,dqn,rl_v2,0,0
119,12,11,9.5,32.7,720,1.0,595.0,0,13.3,1.3,0,1,dqn,rl_v2,0,0
120,12,12,9.7,38.1,868,1.0,601.0,0,13.4,1.4,0,0,dqn,rl_v2,0,0
121,12,12,13.0,43.2,984,1.0,607.0,0,13.9,1.6,0,0,dqn,rl_v2,0,0
122,12,12,9.0,37.3,896,1.0,613.0,0,13.9,1.5,0,0,dqn,rl_v2,0,0
123,12,12,8.8,35.9,861,1.0,619.0,0,13.6,1.4,0,0,dqn,rl_v2,0,0
124,12,12,9.3,36.0,864,1.0,625.0,0,13.7,1.4,0,0,dqn,rl_v2,0,0
125,12,12,9.2,39.1,938,1.0,631.0,0,13.8,1.5,0,0,dqn,rl_v2,0,0
126,12,12,13.6,41.5,997,1.0,637.0,0,13.8,1.6,0,0,dqn,rl_v2,0,0
127,12,12,9.1,35.4,849,1.0,643.0,0,13.8,1.4,0,0,dqn,rl_v2,0,0
128,12,12,8.8,33.2,798,1.0,649.0,0,13.8,1.3,0,0,dqn,rl_v2,0,0
129,12,12,9.3,31.1,747,1.0,655.0,0,13.4,1.2,0,0,dqn,rl_v2,0,0
130,12,12,9.0,36.0,863,1.0,661.0,0,13.7,1.4,0,0,dqn,rl_v2,0,0
131,12,12,9.9,39.5,948,1.0,667.0,0,13.9,1.6,0,0,dqn,rl_v2,0,0
132,12,12,15.1,42.0,1008,1.0,673.0,0,13.9,1.7,0,0,dqn,rl_v2,0,0
133,12,12,15.4,42.6,1023,1.0,679.0,0,13.9,1.7,0,0,dqn,rl_v2,0,0
134,12,12,31.9,47.7,1145,1.0,685.0,0,14.0,1.9,0,0,dqn,rl_v2,0,0
135,12,12,29.7,46.7,1121,1.0,691.0,0,13.8,1.8,0,0,dqn,rl_v2,0,0
136,12,12,44.6,53.9,1293,0.9922,697.0,0,14.1,2.1,0,0,dqn,rl_v2,0,0
137,12,12,44.4,53.6,1287,0.9928,703.0,0,14.0,2.1,0,0,dqn,rl_v2,0,0
138,12,12,61.8,57.4,1377,0.9852,709.0,0,14.2,2.3,0,0,dqn,rl_v2,0,0
139,12,12,66.8,60.8,1459,0.9784,715.0,0,14.4,2.4,0,0,dqn,rl_v2,0,0
140,12,12,93.7,70.7,1696,0.9587,721.0,0,14.5,2.8,0,0,dqn,rl_v2,0,0
141,12,12,102.0,71.7,1720,0.9567,727.0,0,14.5,2.8,0,0,dqn,rl_v2,0,0
142,12,12,109.2,79.3,1904,0.9413,733.0,0,14.9,3.1,0,0,dqn,rl_v2,0,0
143,12,12,156.3,95.1,2283,0.9097,739.0,0,15.6,3.7,0,0,dqn,rl_v2,0,0
144,12,12,583.9,100.0,2668,0.882,745.0,0,15.8,4.4,0,0,dqn,rl_v2,0,0
145,12,12,1073.3,100.0,2882,0.8658,751.0,0,16.1,4.7,0,0,dqn,rl_v2,0,0
146,6,6,5000.0,100.0,3211,0.5,754.0,1,20.7,8.8,0,0,dqn,rl_v2,0,0
147,6,6,5000.0,100.0,3461,0.5,757.0,0,21.3,9.5,0,0,dqn,rl_v2,0,0
148,6,6,5000.0,100.0,3607,0.5,760.0,0,21.2,9.8,0,0,dqn,rl_v2,0,0
149,6,6,5000.0,100.0,3659,0.5,763.0,0,21.5,10.0,0,0,dqn,rl_v2,0,0
150,6,6,5000.0,100.0,3823,0.5,766.0,0,21.6,10.4,0,0,dqn,rl_v2,0,0
151,6,6,5000.0,100.0,3866,0.5,769.0,0,22.6,10.6,0,0,dqn,rl_v2,0,0
152,6,6,5000.0,100.0,3775,0.5,772.0,0,21.8,10.3,0,0,dqn,rl_v2,0,0
153,6,6,5000.0,100.0,3550,0.5,775.0,0,21.3,9.7,0,0,dqn,rl_v2,0,0
154,6,6,5000.0,100.0,3373,0.5,778.0,0,20.8,9.2,0,0,dqn,rl_v2,0,0
155,6,6,5000.0,100.0,3268,0.5,781.0,0,21.0,8.9,0,0,dqn,rl_v2,0,0
156,6,6,5000.0,100.0,3112,0.5,784.0,0,20.2,8.5,0,0,dqn,rl_v2,0,0
157,6,6,5000.0,100.0,2955,0.5,787.0,0,19.7,8.1,0,0,dqn,rl_v2,0,0
158,6,6,5000.0,100.0,2880,0.5,790.0,0,19.3,7.9,0,0,dqn,rl_v2,0,0
159,6,6,5000.0,100.0,2786,0.5,793.0,0,19.6,7.6,0,0,dqn,rl_v2,0,0
160,6,6,5000.0,100.0,2666,0.5,796.0,0,19.0,7.3,0,0,dqn,rl_v2,0,0
161,6,6,5000.0,100.0,2494,0.5,799.0,0,18.5,6.8,0,0,dqn,rl_v2,0,0
162,6,6,5000.0,100.0,2375,0.5072,802.0,0,18.2,6.5,0,0,dqn,rl_v2,0,0
163,6,6,5000.0,100.0,2270,0.5367,805.0,0,18.3,6.2,0,0,dqn,rl_v2,0,0
164,6,6,5000.0,100.0,2148,0.5691,808.0,0,18.0,5.9,0,0,dqn,rl_v2,0,0
165,6,6,5000.0,100.0,2053,0.5928,811.0,0,17.7,5.6,0,0,dqn,rl_v2,0,0
166,12,6,4103.0,100.0,1852,0.7063,814.0,1,17.3,5.1,0,6,dqn,rl_v2,0,0
167,12,9,744.0,100.0,1696,0.8817,818.5,0,16.8,3.7,0,3,dqn,rl_v2,0,0
168,12,10,290.7,100.0,1628,0.926,823.5,0,15.3,3.2,0,2,dqn,rl_v2,0,0
169,12,10,107.5,85.7,1612,0.9388,828.5,0,15.2,3.2,0,2,dqn,rl_v2,0,0
170,12,10,121.3,81.1,1622,0.9378,833.5,0,15.1,3.2,0,2,dqn,rl_v2,0,0
171,12,10,100.5,75.2,1504,0.9496,838.5,0,14.9,3.0,0,2,dqn,rl_v2,0,0
172,12,11,58.7,61.9,1287,0.983,844.0,0,14.5,2.3,0,1,dqn,rl_v2,0,0
173,12,12,44.7,56.5,1220,0.9983,850.0,0,14.1,2.0,0,0,dqn,rl_v2,0,0
174,12,12,29.1,49.6,1131,1.0,856.0,0,13.9,1.9,0,0,dqn,rl_v2,0,0
175,12,12,25.9,45.1,1083,1.0,862.0,0,13.8,1.8,0,0,dqn,rl_v2,0,0
176,12,12,18.6,43.8,1051,1.0,868.0,0,14.0,1.7,0,0,dqn,rl_v2,0,0
177,12,12,8.9,39.7,953,1.0,874.0,0,13.7,1.6,0,0,dqn,rl_v2,0,0
178,12,12,8.8,37.5,899,1.0,880.0,0,13.7,1.5,0,0,dqn,rl_v2,0,0
179,12,12,9.0,38.3,920,1.0,886.0,0,13.8,1.5,0,0,dqn,rl_v2,0,0
180,12,12,15.1,42.4,1018,1.0,892.0,0,13.8,1.7,0,0,dqn,rl_v2,0,0
181,12,12,13.4,41.3,991,1.0,898.0,0,13.6,1.6,0,0,dqn,rl_v2,0,0
182,12,12,9.2,40.0,960,1.0,904.0,0,13.7,1.6,0,0,dqn,rl_v2,0,0
183,12,12,9.1,37.6,902,1.0,910.0,0,13.7,1.5,0,0,dqn,rl_v2,0,0
184,12,12,9.1,38.2,916,1.0,916.0,0,13.7,1.5,0,0,dqn,rl_v2,0,0
185,12,12,8.8,38.1,915,1.0,922.0,0,13.8,1.5,0,0,dqn,rl_v2,0,0
186,12,12,8.1,34.0,816,1.0,928.0,0,13.6,1.3,0,0,dqn,rl_v2,0,0
187,12,12,10.0,29.2,700,1.0,934.0,0,13.3,1.1,0,0,dqn,rl_v2,0,0
188,12,12,8.9,28.5,684,1.0,940.0,0,13.3,1.1,0,0,dqn,rl_v2,0,0
189,7,7,30.7,48.9,684,1.0,943.5,1,14.2,1.9,0,0,dqn,rl_v2,0,0
190,7,7,56.3,57.4,804,0.9851,947.0,0,14.5,2.3,0,0,dqn,rl_v2,0,0
191,12,7,35.8,51.6,722,0.9969,950.5,1,14.0,2.0,0,5,dqn,rl_v2,0,0
192,12,12,11.1,36.8,663,1.0,956.5,0,14.0,1.1,0,0,dqn,rl_v2,0,0
193,12,12,10.7,41.1,739,1.0,962.5,0,13.4,1.2,0,0,dqn,rl_v2,0,0
194,7,7,44.4,54.4,762,0.9911,966.0,1,14.5,2.1,0,0,dqn,rl_v2,0,0
195,8,7,38.4,54.5,763,0.991,969.5,1,14.3,2.1,0,1,dqn,rl_v2,0,0
196,12,8,26.9,51.0,755,1.0,973.5,1,14.3,1.9,0,4,dqn,rl_v2,0,0
197,12,11,10.8,45.2,778,1.0,979.0,0,13.9,1.4,0,1,dqn,rl_v2,0,0
198,12,11,9.7,36.4,669,1.0,984.5,0,13.3,1.2,0,1,dqn,rl_v2,0,0
199,12,11,8.7,32.4,712,1.0,990.0,0,13.8,1.3,0,1,dqn,rl_v2,0,0
200,12,12,11.0,31.0,707,1.0,996.0,0,13.6,1.2,0,0,dqn,rl_v2,0,0
201,12,12,8.8,31.9,727,1.0,1002.0,0,13.6,1.2,0,0,dqn,rl_v2,0,0
202,7,7,44.9,54.5,763,0.991,1005.5,1,14.2,2.1,0,0,dqn,rl_v2,0,0
203,7,7,50.2,57.7,808,0.9846,1009.0,0,14.6,2.3,0,0,dqn,rl_v2,0,0
204,12,7,68.0,62.9,880,0.9743,1012.5,1,14.4,2.5,0,5,dqn,rl_v2,0,0
205,12,10,34.2,59.2,971,1.0,1017.5,0,14.8,1.9,0,2,dqn,rl_v2,0,0
206,12,11,29.9,59.5,1024,1.0,1023.0,0,14.3,1.8,0,1,dqn,rl_v2,0,0
207,12,12,8.6,41.6,899,1.0,1029.0,0,13.8,1.5,0,0,dqn,rl_v2,0,0
208,11,11,9.5,39.8,876,1.0,1034.5,1,14.0,1.6,0,0,dqn,rl_v2,0,0
209,12,11,10.6,40.8,897,1.0,1040.0,1,13.8,1.6,0,1,dqn,rl_v2,0,0
210,12,11,15.7,42.6,937,1.0,1045.5,0,14.0,1.7,0,1,dqn,rl_v2,0,0
211,12,12,9.0,37.9,864,1.0,1051.5,0,14.1,1.4,0,0,dqn,rl_v2,0,0
212,12,12,9.7,36.7,837,1.0,1057.5,0,13.7,1.4,0,0,dqn,rl_v2,0,0
213,12,12,9.2,31.2,748,1.0,1063.5,0,13.3,1.2,0,0,dqn,rl_v2,0,0
214,12,12,8.4,27.3,656,1.0,1069.5,0,13.5,1.1,0,0,dqn,rl_v2,0,0
215,12,12,9.5,28.8,691,1.0,1075.5,0,13.5,1.1,0,0,dqn,rl_v2,0,0
216,6,6,45.6,55.3,664,0.9893,1078.5,1,14.5,1.8,0,0,dqn,rl_v2,0,0
217,7,6,43.7,54.1,649,0.9918,1081.5,1,13.9,1.8,0,1,dqn,rl_v2,0,0
218,12,7,41.1,56.2,720,0.9971,1085.0,1,14.5,1.7,0,5,dqn,rl_v2,0,0
219,12,11,10.2,50.4,806,1.0,1090.5,0,14.2,1.4,0,1,dqn,rl_v2,0,0
220,12,12,10.0,46.6,838,1.0,1096.5,0,13.8,1.4,0,0,dqn,rl_v2,0,0
221,8,8,48.7,59.4,879,0.9901,1100.5,1,14.4,2.2,0,0,dqn,rl_v2,0,0
222,8,8,50.9,55.4,887,0.9891,1104.5,0,14.6,2.2,0,0,dqn,rl_v2,0,0
223,12,8,33.2,50.5,808,0.999,1108.5,1,14.3,2.0,0,4,dqn,rl_v2,0,0
224,12,10,24.3,50.2,884,1.0,1113.5,0,14.2,1.7,0,2,dqn,rl_v2,0,0
225,12,10,14.4,47.1,829,1.0,1118.5,0,14.1,1.6,0,2,dqn,rl_v2,0,0
226,12,12,10.2,37.8,816,1.0,1124.5,0,13.8,1.3,0,0,dqn,rl_v2,0,0
227,12,12,9.9,38.9,840,1.0,1130.5,0,13.5,1.4,0,0,dqn,rl_v2,0,0
228,12,12,9.0,37.1,890,1.0,1136.5,0,13.7,1.5,0,0,dqn,rl_v2,0,0
229,12,12,10.0,39.5,948,1.0,1142.5,0,13.9,1.6,0,0,dqn,rl_v2,0,0
230,12,12,8.3,36.2,870,1.0,1148.5,0,13.8,1.4,0,0,dqn,rl_v2,0,0
231,12,12,9.0,35.3,847,1.0,1154.5,0,13.6,1.4,0,0,dqn,rl_v2,0,0
232,12,12,9.0,37.0,887,1.0,1160.5,0,13.8,1.5,0,0,dqn,rl_v2,0,0
233,12,12,9.0,36.8,883,1.0,1166.5,0,13.8,1.4,0,0,dqn,rl_v2,0,0
234,12,12,9.1,36.8,882,1.0,1172.5,0,13.7,1.4,0,0,dqn,rl_v2,0,0
235,12,12,8.6,36.7,881,1.0,1178.5,0,13.6,1.4,0,0,dqn,rl_v2,0,0
236,12,12,9.1,38.0,911,1.0,1184.5,0,13.6,1.5,0,0,dqn,rl_v2,0,0
237,12,12,10.2,40.5,973,1.0,1190.5,0,13.5,1.6,0,0,dqn,rl_v2,0,0
238,12,12,8.5,39.0,937,1.0,1196.5,0,13.8,1.5,0,0,dqn,rl_v2,0,0
239,12,12,9.3,36.2,870,1.0,1202.5,0,13.8,1.4,0,0,dqn,rl_v2,0,0
240,12,12,8.2,35.5,852,1.0,1208.5,0,13.5,1.4,0,0,dqn,rl_v2,0,0
241,12,12,9.9,35.8,859,1.0,1214.5,0,14.0,1.4,0,0,dqn,rl_v2,0,0
242,12,12,9.3,29.8,716,1.0,1220.5,0,13.5,1.2,0,0,dqn,rl_v2,0,0
243,12,12,9.2,34.1,819,1.0,1226.5,0,13.7,1.3,0,0,dqn,rl_v2,0,0
244,7,7,93.3,73.6,1031,0.9527,1230.0,1,15.2,2.4,0,0,dqn,rl_v2,0,0
245,12,7,94.3,74.0,1036,0.952,1233.5,1,14.9,2.4,0,5,dqn,rl_v2,0,0
246,12,11,26.0,57.8,995,1.0,1239.0,0,14.7,1.8,0,1,dqn,rl_v2,0,0
247,12,12,15.4,55.7,1003,1.0,1245.0,0,14.1,1.6,0,0,dqn,rl_v2,0,0
248,11,11,8.9,40.1,835,1.0,1250.5,1,13.8,1.5,0,0,dqn,rl_v2,0,0
249,8,8,53.6,57.1,914,0.9858,1254.5,1,14.4,2.2,0,0,dqn,rl_v2,0,0
250,12,8,60.6,60.9,974,0.9782,1258.5,1,14.4,2.4,0,4,dqn,rl_v2,0,0
251,12,10,35.5,55.2,971,1.0,1263.5,0,14.2,1.9,0,2,dqn,rl_v2,0,0
252,12,12,11.0,47.4,911,1.0,1269.5,0,13.9,1.5,0,0,dqn,rl_v2,0,0
253,12,12,9.0,41.6,898,1.0,1275.5,0,13.7,1.5,0,0,dqn,rl_v2,0,0
254,8,8,47.2,55.7,891,0.9886,1279.5,1,14.2,2.2,0,0,dqn,rl_v2,0,0
255,12,8,50.6,56.9,911,0.9861,1283.5,1,14.4,2.2,0,4,dqn,rl_v2,0,0
256,12,10,16.6,47.8,841,1.0,1288.5,0,14.2,1.7,0,2,dqn,rl_v2,0,0
257,12,11,9.6,47.3,871,1.0,1294.0,0,14.0,1.6,0,1,dqn,rl_v2,0,0
258,12,12,11.2,39.3,848,1.0,1300.0,0,13.7,1.4,0,0,dqn,rl_v2,0,0
259,12,12,8.8,36.5,832,1.0,1306.0,0,14.0,1.4,0,0,dqn,rl_v2,0,0
260,12,12,9.4,34.5,828,1.0,1312.0,0,13.8,1.4,0,0,dqn,rl_v2,0,0
261,12,12,9.4,35.3,848,1.0,1318.0,0,13.5,1.4,0,0,dqn,rl_v2,0,0
262,12,12,8.9,35.8,860,1.0,1324.0,0,13.9,1.4,0,0,dqn,rl_v2,0,0
263,12,12,9.1,35.9,861,1.0,1330.0,0,13.6,1.4,0,0,dqn,rl_v2,0,0
264,12,12,9.2,33.2,797,1.0,1336.0,0,13.6,1.3,0,0,dqn,rl_v2,0,0
265,12,12,9.4,32.6,783,1.0,1342.0,0,13.6,1.3,0,0,dqn,rl_v2,0,0
266,12,12,8.9,30.4,729,1.0,1348.0,0,13.8,1.2,0,0,dqn,rl_v2,0,0
267,12,12,10.2,29.2,701,1.0,1354.0,0,13.4,1.1,0,0,dqn,rl_v2,0,0
268,12,12,9.6,28.5,685,1.0,1360.0,0,13.5,1.1,0,0,dqn,rl_v2,0,0
269,7,7,41.7,53.4,748,0.9931,1363.5,1,14.3,1.8,0,0,dqn,rl_v2,0,0
270,7,7,49.9,56.3,788,0.9874,1367.0,0,14.4,1.8,0,0,dqn,rl_v2,0,0
271,12,7,55.4,58.1,813,0.9839,1370.5,1,14.4,1.9,0,5,dqn,rl_v2,0,0
272,12,9,20.6,51.2,799,1.0,1375.0,0,14.3,1.7,0,3,dqn,rl_v2,0,0
273,12,10,8.4,46.6,764,1.0,1380.0,0,13.8,1.5,0,2,dqn,rl_v2,0,0
274,12,11,8.9,37.4,733,1.0,1385.5,0,13.6,1.3,0,1,dqn,rl_v2,0,0
275,12,11,9.4,34.4,716,1.0,1391.0,0,13.7,1.3,0,1,dqn,rl_v2,0,0
276,12,12,10.5,30.4,694,1.0,1397.0,0,13.8,1.1,0,0,dqn,rl_v2,0,0
277,12,12,9.1,30.1,686,1.0,1403.0,0,13.2,1.1,0,0,dqn,rl_v2,0,0
278,7,7,37.0,51.1,715,0.9979,1406.5,1,14.3,1.7,0,0,dqn,rl_v2,0,0
279,7,7,40.8,52.3,732,0.9954,1410.0,0,14.2,1.7,0,0,dqn,rl_v2,0,0
280,12,7,41.6,54.0,756,0.992,1413.5,1,14.7,1.8,0,5,dqn,rl_v2,0,0
281,12,10,9.0,44.3,726,1.0,1418.5,0,14.2,1.4,0,2,dqn,rl_v2,0,0
282,12,11,10.6,44.9,773,1.0,1424.0,0,14.3,1.4,0,1,dqn,rl_v2,0,0
283,12,11,9.1,33.5,696,1.0,1429.5,0,13.4,1.2,0,1,dqn,rl_v2,0,0
284,12,11,8.4,31.8,699,1.0,1435.0,0,13.5,1.2,0,1,dqn,rl_v2,0,0
285,12,12,10.5,32.4,739,1.0,1441.0,0,13.6,1.2,0,0,dqn,rl_v2,0,0
286,7,7,126.4,83.8,1173,0.9324,1444.5,1,15.4,2.7,0,0,dqn,rl_v2,0,0
287,12,7,124.3,82.8,1159,0.9344,1448.0,1,15.1,2.7,0,5,dqn,rl_v2,0,0
288,12,10,42.8,61.6,1011,0.9989,1453.0,0,14.9,2.0,0,2,dqn,rl_v2,0,0
289,12,11,30.1,62.1,1068,1.0,1458.5,0,14.0,1.9,0,1,dqn,rl_v2,0,0
290,12,12,15.5,47.2,1019,1.0,1464.5,0,14.0,1.7,0,0,dqn,rl_v2,0,0
291,11,11,24.3,46.0,1012,1.0,1470.0,1,14.0,1.8,0,0,dqn,rl_v2,0,0
292,12,11,15.1,42.1,927,1.0,1475.5,1,13.9,1.7,0,1,dqn,rl_v2,0,0
293,12,11,9.1,39.0,858,1.0,1481.0,0,13.9,1.5,0,1,dqn,rl_v2,0,0
294,12,12,9.6,35.5,810,1.0,1487.0,0,13.8,1.3,0,0,dqn,rl_v2,0,0
295,12,12,9.7,37.0,843,1.0,1493.0,0,13.5,1.4,0,0,dqn,rl_v2,0,0
296,12,12,9.1,37.5,900,1.0,1499.0,0,13.9,1.5,0,0,dqn,rl_v2,0,0
297,12,12,9.8,34.8,835,1.0,1505.0,0,13.7,1.4,0,0,dqn,rl_v2,0,0
298,12,12,8.2,34.1,818,1.0,1511.0,0,13.5,1.3,0,0,dqn,rl_v2,0,0
299,12,12,9.5,35.5,852,1.0,1517.0,0,13.8,1.4,0,0,dqn,rl_v2,0,0
300,12,12,9.0,35.3,848,1.0,1523.0,0,13.7,1.4,0,0,dqn,rl_v2,0,0
301,12,12,8.8,36.2,868,1.0,1529.0,0,13.8,1.4,0,0,dqn,rl_v2,0,0
302,12,12,9.9,36.3,871,1.0,1535.0,0,13.7,1.4,0,0,dqn,rl_v2,0,0
303,12,12,8.9,34.2,821,1.0,1541.0,0,13.8,1.3,0,0,dqn,rl_v2,0,0
304,12,12,8.2,36.4,873,1.0,1547.0,0,13.8,1.4,0,0,dqn,rl_v2,0,0
305,12,12,8.5,35.7,857,1.0,1553.0,0,13.7,1.4,0,0,dqn,rl_v2,0,0
306,12,12,9.0,38.8,932,1.0,1559.0,0,13.8,1.5,0,0,dqn,rl_v2,0,0
307,12,12,9.4,38.2,918,1.0,1565.0,0,13.8,1.5,0,0,dqn,rl_v2,0,0
308,12,12,9.3,33.7,808,1.0,1571.0,0,13.4,1.3,0,0,dqn,rl_v2,0,0
309,12,12,10.2,35.8,858,1.0,1577.0,0,13.7,1.4,0,0,dqn,rl_v2,0,0
310,12,12,9.0,36.9,885,1.0,1583.0,0,13.7,1.4,0,0,dqn,rl_v2,0,0
311,12,12,8.8,38.2,916,1.0,1589.0,0,13.7,1.5,0,0,dqn,rl_v2,0,0
312,12,12,9.6,39.8,955,1.0,1595.0,0,14.1,1.6,0,0,dqn,rl_v2,0,0
313,12,12,8.2,38.5,924,1.0,1601.0,0,13.9,1.5,0,0,dqn,rl_v2,0,0
314,12,12,9.3,34.1,818,1.0,1607.0,0,13.7,1.3,0,0,dqn,rl_v2,0,0
315,12,12,9.2,33.5,804,1.0,1613.0,0,13.6,1.3,0,0,dqn,rl_v2,0,0
316,12,12,8.3,32.3,776,1.0,1619.0,0,13.6,1.3,0,0,dqn,rl_v2,0,0
317,12,12,8.7,34.1,819,1.0,1625.0,0,13.5,1.3,0,0,dqn,rl_v2,0,0
318,12,12,9.5,30.8,740,1.0,1631.0,0,13.5,1.2,0,0,dqn,rl_v2,0,0
319,12,12,8.1,28.7,688,1.0,1637.0,0,13.3,1.1,0,0,dqn,rl_v2,0,0
320,12,12,9.1,29.3,703,1.0,1643.0,0,13.7,1.2,0,0,dqn,rl_v2,0,0
321,7,7,25.2,47.1,660,1.0,1646.5,1,14.2,1.5,0,0,dqn,rl_v2,0,0
322,7,7,23.2,45.5,637,1.0,1650.0,0,14.2,1.5,0,0,dqn,rl_v2,0,0
323,12,7,35.1,50.0,700,1.0,1653.5,1,14.3,1.6,0,5,dqn,rl_v2,0,0
324,12,9,9.9,45.3,707,1.0,1658.0,0,14.0,1.5,0,3,dqn,rl_v2,0,0
325,12,10,70.2,75.4,1236,0.9764,1663.0,0,14.8,2.4,0,2,dqn,rl_v2,0,0
326,12,11,46.7,58.1,1139,0.9965,1668.5,0,14.3,2.0,0,1,dqn,rl_v2,0,0
327,12,12,32.6,52.7,1139,1.0,1674.5,0,14.2,1.9,0,0,dqn,rl_v2,0,0
328,12,12,27.0,49.7,1134,1.0,1680.5,0,14.3,1.9,0,0,dqn,rl_v2,0,0
329,12,12,23.9,44.5,1068,1.0,1686.5,0,13.9,1.7,0,0,dqn,rl_v2,0,0
330,12,12,20.7,43.8,1051,1.0,1692.5,0,14.0,1.7,0,0,dqn,rl_v2,0,0
331,12,12,9.6,40.2,965,1.0,1698.5,0,13.9,1.6,0,0,dqn,rl_v2,0,0
332,12,12,50.0,55.2,1325,0.9896,1704.5,0,14.2,2.2,0,0,dqn,rl_v2,0,0
333,12,12,45.2,53.1,1274,0.9938,1710.5,0,14.2,2.1,0,0,dqn,rl_v2,0,0
334,12,12,40.0,50.3,1208,0.9993,1716.5,0,14.0,2.0,0,0,dqn,rl_v2,0,0
335,12,12,48.2,55.7,1337,0.9886,1722.5,0,14.2,2.2,0,0,dqn,rl_v2,0,0
336,12,12,63.7,60.5,1453,0.9789,1728.5,0,14.3,2.4,0,0,dqn,rl_v2,0,0
337,12,12,58.2,59.5,1428,0.981,1734.5,0,14.4,2.3,0,0,dqn,rl_v2,0,0
338,12,12,46.0,55.2,1324,0.9897,1740.5,0,14.5,2.2,0,0,dqn,rl_v2,0,0
339,12,12,64.1,61.2,1468,0.9777,1746.5,0,14.3,2.4,0,0,dqn,rl_v2,0,0
340,12,12,57.6,57.4,1378,0.9852,1752.5,0,14.4,2.3,0,0,dqn,rl_v2,0,0
341,12,12,51.0,56.4,1354,0.9872,1758.5,0,14.2,2.2,0,0,dqn,rl_v2,0,0
342,12,12,53.9,57.1,1370,0.9858,1764.5,0,14.6,2.2,0,0,dqn,rl_v2,0,0
343,12,12,42.6,53.5,1284,0.993,1770.5,0,14.3,2.1,0,0,dqn,rl_v2,0,0
344,12,12,36.4,49.3,1183,1.0,1776.5,0,14.2,1.9,0,0,dqn,rl_v2,0,0
345,12,12,69.1,59.6,1431,0.9808,1782.5,0,14.7,2.3,0,0,dqn,rl_v2,0,0
346,12,12,65.9,60.4,1449,0.9792,1788.5,0,14.6,2.4,0,0,dqn,rl_v2,0,0
347,12,12,59.7,58.6,1406,0.9828,1794.5,0,14.6,2.3,0,0,dqn,rl_v2,0,0
348,12,12,50.9,55.5,1333,0.9889,1800.5,0,14.5,2.2,0,0,dqn,rl_v2,0,0
349,12,12,42.6,53.0,1271,0.9941,1806.5,0,14.1,2.1,0,0,dqn,rl_v2,0,0
350,12,12,61.7,56.1,1346,0.9878,1812.5,0,14.3,2.2,0,0,dqn,rl_v2,0,0
351,12,12,32.6,49.8,1194,1.0,1818.5,0,14.2,2.0,0,0,dqn,rl_v2,0,0
352,12,12,41.2,51.6,1239,0.9968,1824.5,0,14.1,2.0,0,0,dqn,rl_v2,0,0
353,12,12,19.6,43.9,1053,1.0,1830.5,0,13.9,1.7,0,0,dqn,rl_v2,0,0
354,12,12,24.3,46.1,1106,1.0,1836.5,0,14.1,1.8,0,0,dqn,rl_v2,0,0
355,12,12,22.5,44.8,1076,1.0,1842.5,0,14.2,1.8,0,0,dqn,rl_v2,0,0
356,12,12,17.3,43.6,1047,1.0,1848.5,0,13.8,1.7,0,0,dqn,rl_v2,0,0
357,12,12,21.8,44.6,1070,1.0,1854.5,0,14.1,1.8,0,0,dqn,rl_v2,0,0
358,12,12,14.1,42.2,1013,1.0,1860.5,0,14.1,1.7,0,0,dqn,rl_v2,0,0
359,12,12,15.1,41.8,1003,1.0,1866.5,0,14.0,1.6,0,0,dqn,rl_v2,0,0
360,12,12,16.4,43.2,1036,1.0,1872.5,0,13.9,1.7,0,0,dqn,rl_v2,0,0
361,12,12,46.6,53.2,1278,0.9935,1878.5,0,14.3,2.1,0,0,dqn,rl_v2,0,0
362,12,12,40.1,52.5,1259,0.9951,1884.5,0,14.3,2.1,0,0,dqn,rl_v2,0,0
363,12,12,50.4,55.3,1327,0.9894,1890.5,0,14.4,2.2,0,0,dqn,rl_v2,0,0
364,12,12,66.9,61.7,1481,0.9766,1896.5,0,14.5,2.4,0,0,dqn,rl_v2,0,0
365,12,12,58.1,58.3,1399,0.9834,1902.5,0,14.4,2.3,0,0,dqn,rl_v2,0,0
366,12,12,44.1,52.8,1268,0.9943,1908.5,0,14.2,2.1,0,0,dqn,rl_v2,0,0
367,12,12,37.0,49.8,1194,1.0,1914.5,0,14.1,2.0,0,0,dqn,rl_v2,0,0
368,12,12,26.8,47.4,1137,1.0,1920.5,0,14.3,1.9,0,0,dqn,rl_v2,0,0
369,12,12,34.5,50.1,1203,0.9998,1926.5,0,14.3,2.0,0,0,dqn,rl_v2,0,0
370,12,12,40.2,52.0,1249,0.9959,1932.5,0,14.5,2.0,0,0,dqn,rl_v2,0,0
371,12,12,90.2,69.2,1660,0.9617,1938.5,0,14.7,2.7,0,0,dqn,rl_v2,0,0
372,12,12,103.8,71.7,1720,0.9567,1944.5,0,14.7,2.8,0,0,dqn,rl_v2,0,0
373,12,12,103.7,75.1,1802,0.9498,1950.5,0,14.8,3.0,0,0,dqn,rl_v2,0,0
374,12,12,100.1,76.4,1833,0.9473,1956.5,0,14.8,3.0,0,0,dqn,rl_v2,0,0
375,12,12,111.7,78.5,1883,0.9431,1962.5,0,15.1,3.1,0,0,dqn,rl_v2,0,0
376,12,12,119.7,81.4,1954,0.9372,1968.5,0,15.0,3.2,0,0,dqn,rl_v2,0,0
377,12,12,132.9,84.7,2033,0.9306,1974.5,0,15.3,3.3,0,0,dqn,rl_v2,0,0
378,12,12,137.3,86.6,2078,0.9268,1980.5,0,15.2,3.4,0,0,dqn,rl_v2,0,0
379,12,12,125.1,84.8,2036,0.9303,1986.5,0,15.3,3.3,0,0,dqn,rl_v2,0,0
380,12,12,122.1,83.7,2009,0.9326,1992.5,0,15.1,3.3,0,0,dqn,rl_v2,0,0
381,12,12,125.9,83.1,1994,0.9338,1998.5,0,15.3,3.3,0,0,dqn,rl_v2,0,0
382,12,12,117.5,78.6,1887,0.9427,2004.5,0,15.2,3.1,0,0,dqn,rl_v2,0,0
383,12,12,94.6,70.6,1694,0.9588,2010.5,0,14.5,2.8,0,0,dqn,rl_v2,0,0
384,12,12,84.1,66.2,1588,0.9677,2016.5,0,14.9,2.6,0,0,dqn,rl_v2,0,0
385,12,12,71.9,64.7,1552,0.9707,2022.5,0,14.6,2.5,0,0,dqn,rl_v2,0,0
386,12,12,70.2,65.4,1570,0.9692,2028.5,0,14.8,2.6,0,0,dqn,rl_v2,0,0
387,12,12,76.1,62.5,1500,0.975,2034.5,0,14.5,2.5,0,0,dqn,rl_v2,0,0
388,12,12,87.3,65.9,1582,0.9682,2040.5,0,14.8,2.6,0,0,dqn,rl_v2,0,0
389,12,12,79.5,65.1,1562,0.9698,2046.5,0,14.7,2.6,0,0,dqn,rl_v2,0,0
390,12,12,73.2,62.8,1507,0.9744,2052.5,0,14.7,2.5,0,0,dqn,rl_v2,0,0
391,12,12,66.6,60.5,1452,0.979,2058.5,0,14.6,2.4,0,0,dqn,rl_v2,0,0
392,12,12,65.2,60.1,1442,0.9798,2064.5,0,14.5,2.4,0,0,dqn,rl_v2,0,0
393,12,12,67.3,61.1,1467,0.9778,2070.5,0,14.7,2.4,0,0,dqn,rl_v2,0,0
394,12,12,70.5,62.3,1494,0.9755,2076.5,0,14.5,2.4,0,0,dqn,rl_v2,0,0
395,12,12,74.7,64.0,1535,0.9721,2082.5,0,14.7,2.5,0,0,dqn,rl_v2,0,0
396,12,12,66.6,62.1,1491,0.9758,2088.5,0,14.7,2.4,0,0,dqn,rl_v2,0,0
397,12,12,85.9,64.8,1556,0.9703,2094.5,0,14.7,2.5,0,0,dqn,rl_v2,0,0
398,12,12,67.2,61.6,1478,0.9768,2100.5,0,14.7,2.4,0,0,dqn,rl_v2,0,0
399,12,12,71.5,63.3,1520,0.9733,2106.5,0,14.8,2.5,0,0,dqn,rl_v2,0,0
400,12,12,69.1,61.8,1482,0.9765,2112.5,0,14.7,2.4,0,0,dqn,rl_v2,0,0
401,12,12,52.5,59.2,1422,0.9815,2118.5,0,14.9,2.3,0,0,dqn,rl_v2,0,0
402,12,12,71.0,62.9,1510,0.9742,2124.5,0,14.6,2.5,0,0,dqn,rl_v2,0,0
403,12,12,58.0,59.4,1425,0.9812,2130.5,0,14.4,2.3,0,0,dqn,rl_v2,0,0
404,12,12,66.2,62.2,1492,0.9757,2136.5,0,14.7,2.4,0,0,dqn,rl_v2,0,0
405,12,12,56.9,57.5,1379,0.9851,2142.5,0,14.6,2.3,0,0,dqn,rl_v2,0,0
406,12,12,54.7,56.7,1360,0.9867,2148.5,0,14.5,2.2,0,0,dqn,rl_v2,0,0
407,12,12,45.9,53.8,1291,0.9924,2154.5,0,14.3,2.1,0,0,dqn,rl_v2,0,0
408,12,12,57.2,55.4,1330,0.9892,2160.5,0,14.3,2.2,0,0,dqn,rl_v2,0,0
409,12,12,63.2,59.3,1423,0.9814,2166.5,0,14.6,2.3,0,0,dqn,rl_v2,0,0
410,12,12,74.4,62.2,1493,0.9756,2172.5,0,14.5,2.4,0,0,dqn,rl_v2,0,0
411,12,12,77.4,60.5,1451,0.9791,2178.5,0,14.6,2.4,0,0,dqn,rl_v2,0,0
412,12,12,75.4,62.1,1490,0.9758,2184.5,0,14.6,2.4,0,0,dqn,rl_v2,0,0
413,12,12,61.1,57.3,1375,0.9854,2190.5,0,14.7,2.3,0,0,dqn,rl_v2,0,0
414,12,12,44.6,53.6,1287,0.9928,2196.5,0,14.2,2.1,0,0,dqn,rl_v2,0,0
415,12,12,35.8,48.7,1168,1.0,2202.5,0,14.1,1.9,0,0,dqn,rl_v2,0,0
416,12,12,35.8,49.2,1181,1.0,2208.5,0,14.4,1.9,0,0,dqn,rl_v2,0,0
417,12,12,41.2,51.3,1231,0.9974,2214.5,0,14.2,2.0,0,0,dqn,rl_v2,0,0
418,12,12,30.9,47.5,1141,1.0,2220.5,0,14.1,1.9,0,0,dqn,rl_v2,0,0
419,12,12,16.4,43.1,1035,1.0,2226.5,0,14.1,1.7,0,0,dqn,rl_v2,0,0
420,12,12,24.0,45.5,1092,1.0,2232.5,0,14.1,1.8,0,0,dqn,rl_v2,0,0
421,12,12,38.4,52.0,1249,0.9959,2238.5,0,14.3,2.0,0,0,dqn,rl_v2,0,0
422,12,12,61.2,58.7,1409,0.9826,2244.5,0,14.5,2.3,0,0,dqn,rl_v2,0,0
423,12,12,40.8,52.0,1247,0.9961,2250.5,0,14.2,2.0,0,0,dqn,rl_v2,0,0
424,12,12,41.6,52.7,1265,0.9946,2256.5,0,14.4,2.1,0,0,dqn,rl_v2,0,0
425,12,12,40.8,51.8,1244,0.9963,2262.5,0,14.2,2.0,0,0,dqn,rl_v2,0,0
426,12,12,34.6,48.3,1159,1.0,2268.5,0,14.1,1.9,0,0,dqn,rl_v2,0,0
427,12,12,41.6,54.0,1296,0.992,2274.5,0,14.2,2.1,0,0,dqn,rl_v2,0,0
428,12,12,63.1,59.0,1416,0.982,2280.5,0,14.3,2.3,0,0,dqn,rl_v2,0,0
429,12,12,47.3,54.2,1301,0.9916,2286.5,0,14.3,2.1,0,0,dqn,rl_v2,0,0
430,12,12,35.2,49.7,1193,1.0,2292.5,0,14.4,2.0,0,0,dqn,rl_v2,0,0
431,12,12,67.8,58.3,1400,0.9833,2298.5,0,14.4,2.3,0,0,dqn,rl_v2,0,0
432,12,12,47.5,54.0,1295,0.9921,2304.5,0,14.5,2.1,0,0,dqn,rl_v2,0,0
433,12,12,32.1,48.6,1166,1.0,2310.5,0,14.4,1.9,0,0,dqn,rl_v2,0,0
434,12,12,34.7,49.0,1176,1.0,2316.5,0,14.1,1.9,0,0,dqn,rl_v2,0,0
435,12,12,38.1,49.7,1192,1.0,2322.5,0,14.4,2.0,0,0,dqn,rl_v2,0,0
436,12,12,29.5,48.3,1159,1.0,2328.5,0,14.2,1.9,0,0,dqn,rl_v2,0,0
437,12,12,35.9,49.5,1189,1.0,2334.5,0,14.3,1.9,0,0,dqn,rl_v2,0,0
438,12,12,28.4,47.2,1133,1.0,2340.5,0,14.1,1.9,0,0,dqn,rl_v2,0,0
439,12,12,25.3,45.9,1102,1.0,2346.5,0,14.2,1.8,0,0,dqn,rl_v2,0,0
440,12,12,21.6,44.8,1075,1.0,2352.5,0,14.0,1.8,0,0,dqn,rl_v2,0,0
441,12,12,14.1,41.6,999,1.0,2358.5,0,14.0,1.6,0,0,dqn,rl_v2,0,0
442,12,12,16.9,42.7,1025,1.0,2364.5,0,14.2,1.7,0,0,dqn,rl_v2,0,0
443,12,12,15.6,42.2,1012,1.0,2370.5,0,13.9,1.7,0,0,dqn,rl_v2,0,0
444,12,12,12.7,41.5,997,1.0,2376.5,0,13.8,1.6,0,0,dqn,rl_v2,0,0
445,12,12,29.7,47.4,1138,1.0,2382.5,0,14.4,1.9,0,0,dqn,rl_v2,0,0
446,12,12,35.8,49.7,1192,1.0,2388.5,0,14.2,2.0,0,0,dqn,rl_v2,0,0
447,12,12,47.6,54.7,1313,0.9906,2394.5,0,14.4,2.2,0,0,dqn,rl_v2,0,0
448,12,12,58.3,56.3,1352,0.9873,2400.5,0,14.4,2.2,0,0,dqn,rl_v2,0,0
449,12,12,45.0,53.7,1289,0.9926,2406.5,0,14.1,2.1,0,0,dqn,rl_v2,0,0
450,12,12,44.2,53.0,1272,0.994,2412.5,0,14.2,2.1,0,0,dqn,rl_v2,0,0
451,12,12,42.1,50.3,1207,0.9994,2418.5,0,14.4,2.0,0,0,dqn,rl_v2,0,0
452,12,12,27.6,46.9,1126,1.0,2424.5,0,14.2,1.8,0,0,dqn,rl_v2,0,0
453,12,12,10.3,40.2,966,1.0,2430.5,0,14.1,1.6,0,0,dqn,rl_v2,0,0
454,12,12,9.4,40.4,970,1.0,2436.5,0,13.7,1.6,0,0,dqn,rl_v2,0,0
455,12,12,33.0,48.2,1158,1.0,2442.5,0,14.4,1.9,0,0,dqn,rl_v2,0,0
456,12,12,39.5,50.3,1208,0.9993,2448.5,0,14.3,2.0,0,0,dqn,rl_v2,0,0
457,12,12,26.7,46.4,1114,1.0,2454.5,0,14.2,1.8,0,0,dqn,rl_v2,0,0
458,12,12,15.0,42.5,1020,1.0,2460.5,0,14.3,1.7,0,0,dqn,rl_v2,0,0
459,12,12,34.3,49.9,1198,1.0,2466.5,0,14.4,2.0,0,0,dqn,rl_v2,0,0
460,12,12,29.0,47.3,1135,1.0,2472.5,0,14.3,1.9,0,0,dqn,rl_v2,0,0
461,12,12,17.0,43.0,1032,1.0,2478.5,0,14.3,1.7,0,0,dqn,rl_v2,0,0
462,12,12,15.5,42.8,1028,1.0,2484.5,0,13.9,1.7,0,0,dqn,rl_v2,0,0
463,12,12,10.6,40.8,978,1.0,2490.5,0,14.0,1.6,0,0,dqn,rl_v2,0,0
464,12,12,9.9,40.4,969,1.0,2496.5,0,13.7,1.6,0,0,dqn,rl_v2,0,0
465,12,12,10.0,40.3,968,1.0,2502.5,0,14.2,1.6,0,0,dqn,rl_v2,0,0
466,12,12,13.5,41.3,991,1.0,2508.5,0,14.0,1.6,0,0,dqn,rl_v2,0,0
467,12,12,19.5,44.1,1058,1.0,2514.5,0,14.1,1.7,0,0,dqn,rl_v2,0,0
468,12,12,19.4,43.5,1043,1.0,2520.5,0,14.0,1.7,0,0,dqn,rl_v2,0,0
469,12,12,9.6,39.4,945,1.0,2526.5,0,14.0,1.5,0,0,dqn,rl_v2,0,0
470,12,12,9.1,39.5,947,1.0,2532.5,0,14.0,1.6,0,0,dqn,rl_v2,0,0
471,12,12,22.6,44.5,1068,1.0,2538.5,0,14.1,1.7,0,0,dqn,rl_v2,0,0
472,12,12,15.2,42.4,1017,1.0,2544.5,0,14.0,1.7,0,0,dqn,rl_v2,0,0
473,12,12,9.9,39.9,958,1.0,2550.5,0,14.0,1.6,0,0,dqn,rl_v2,0,0
474,12,12,14.2,41.8,1002,1.0,2556.5,0,14.1,1.6,0,0,dqn,rl_v2,0,0
475,12,12,16.4,42.5,1019,1.0,2562.5,0,14.3,1.7,0,0,dqn,rl_v2,0,0
476,12,12,17.4,42.7,1025,1.0,2568.5,0,14.2,1.7,0,0,dqn,rl_v2,0,0
477,12,12,15.3,41.8,1004,1.0,2574.5,0,14.2,1.6,0,0,dqn,rl_v2,0,0
478,12,12,22.6,44.3,1063,1.0,2580.5,0,13.8,1.7,0,0,dqn,rl_v2,0,0
479,12,12,23.7,46.5,1116,1.0,2586.5,0,13.9,1.8,0,0,dqn,rl_v2,0,0
480,12,12,47.8,53.9,1294,0.9922,2592.5,0,14.8,2.1,0,0,dqn,rl_v2,0,0
481,12,12,73.1,64.2,1540,0.9717,2598.5,0,14.5,2.5,0,0,dqn,rl_v2,0,0
482,12,12,62.9,60.1,1442,0.9798,2604.5,0,14.5,2.4,0,0,dqn,rl_v2,0,0
483,12,12,53.1,55.9,1341,0.9882,2610.5,0,14.7,2.2,0,0,dqn,rl_v2,0,0
484,12,12,56.7,55.3,1328,0.9893,2616.5,0,14.3,2.2,0,0,dqn,rl_v2,0,0
485,12,12,60.0,57.2,1373,0.9856,2622.5,0,14.5,2.2,0,0,dqn,rl_v2,0,0
486,12,12,49.0,57.5,1379,0.9851,2628.5,0,14.5,2.3,0,0,dqn,rl_v2,0,0
487,12,12,43.1,54.3,1303,0.9914,2634.5,0,14.5,2.1,0,0,dqn,rl_v2,0,0
488,12,12,38.4,49.6,1191,1.0,2640.5,0,14.2,2.0,0,0,dqn,rl_v2,0,0
489,12,12,32.9,48.2,1158,1.0,2646.5,0,14.4,1.9,0,0,dqn,rl_v2,0,0
490,12,12,24.1,45.5,1091,1.0,2652.5,0,14.2,1.8,0,0,dqn,rl_v2,0,0
491,12,12,22.3,44.5,1068,1.0,2658.5,0,14.1,1.7,0,0,dqn,rl_v2,0,0
492,12,12,17.9,43.8,1050,1.0,2664.5,0,14.3,1.7,0,0,dqn,rl_v2,0,0
493,12,12,44.6,51.3,1232,0.9973,2670.5,0,14.3,2.0,0,0,dqn,rl_v2,0,0
494,12,12,36.7,51.5,1235,0.9971,2676.5,0,14.2,2.0,0,0,dqn,rl_v2,0,0
495,12,12,36.4,50.0,1201,0.9999,2682.5,0,14.4,2.0,0,0,dqn,rl_v2,0,0
496,12,12,40.1,51.4,1234,0.9972,2688.5,0,14.6,2.0,0,0,dqn,rl_v2,0,0
497,12,12,45.5,53.0,1273,0.9939,2694.5,0,14.3,2.1,0,0,dqn,rl_v2,0,0
498,12,12,55.2,55.3,1327,0.9894,2700.5,0,14.6,2.2,0,0,dqn,rl_v2,0,0
499,12,12,47.8,52.5,1259,0.9951,2706.5,0,14.4,2.1,0,0,dqn,rl_v2,0,0
500,12,12,35.6,48.2,1158,1.0,2712.5,0,14.3,1.9,0,0,dqn,rl_v2,0,0
501,12,12,22.3,45.2,1084,1.0,2718.5,0,14.2,1.8,0,0,dqn,rl_v2,0,0
502,12,12,31.3,49.0,1175,1.0,2724.5,0,14.6,1.9,0,0,dqn,rl_v2,0,0
503,12,12,50.3,52.8,1268,0.9943,2730.5,0,14.6,2.1,0,0,dqn,rl_v2,0,0
504,12,12,49.0,54.3,1304,0.9913,2736.5,0,14.5,2.1,0,0,dqn,rl_v2,0,0
505,12,12,48.6,54.2,1301,0.9916,2742.5,0,14.5,2.1,0,0,dqn,rl_v2,0,0
506,12,12,39.3,50.3,1207,0.9994,2748.5,0,14.3,2.0,0,0,dqn,rl_v2,0,0
507,12,12,57.0,57.3,1376,0.9853,2754.5,0,14.3,2.3,0,0,dqn,rl_v2,0,0
508,12,12,49.0,52.6,1262,0.9948,2760.5,0,14.7,2.1,0,0,dqn,rl_v2,0,0
509,12,12,38.3,50.2,1206,0.9995,2766.5,0,14.4,2.0,0,0,dqn,rl_v2,0,0
510,12,12,42.0,51.2,1230,0.9975,2772.5,0,14.2,2.0,0,0,dqn,rl_v2,0,0
511,12,12,34.0,49.2,1180,1.0,2778.5,0,14.3,1.9,0,0,dqn,rl_v2,0,0
512,12,12,23.9,45.1,1083,1.0,2784.5,0,14.3,1.8,0,0,dqn,rl_v2,0,0
513,12,12,24.7,46.3,1112,1.0,2790.5,0,14.4,1.8,0,0,dqn,rl_v2,0,0
514,12,12,26.9,46.4,1113,1.0,2796.5,0,14.2,1.8,0,0,dqn,rl_v2,0,0
515,12,12,14.9,42.3,1015,1.0,2802.5,0,14.0,1.7,0,0,dqn,rl_v2,0,0
516,12,12,17.0,42.8,1028,1.0,2808.5,0,14.2,1.7,0,0,dqn,rl_v2,0,0
517,12,12,27.5,47.0,1129,1.0,2814.5,0,14.3,1.8,0,0,dqn,rl_v2,0,0
518,12,12,30.8,47.0,1128,1.0,2820.5,0,14.2,1.8,0,0,dqn,rl_v2,0,0
519,12,12,50.8,54.6,1311,0.9908,2826.5,0,14.4,2.1,0,0,dqn,rl_v2,0,0
520,12,12,42.8,53.2,1277,0.9936,2832.5,0,14.6,2.1,0,0,dqn,rl_v2,0,0
521,12,12,37.2,49.6,1191,1.0,2838.5,0,14.2,2.0,0,0,dqn,rl_v2,0,0
522,12,12,35.4,49.7,1193,1.0,2844.5,0,14.4,2.0,0,0,dqn,rl_v2,0,0
523,12,12,49.7,54.7,1312,0.9907,2850.5,0,14.4,2.1,0,0,dqn,rl_v2,0,0
524,12,12,62.9,59.2,1421,0.9816,2856.5,0,14.6,2.3,0,0,dqn,rl_v2,0,0
525,12,12,63.6,57.7,1385,0.9846,2862.5,0,14.5,2.3,0,0,dqn,rl_v2,0,0
526,12,12,71.3,62.8,1507,0.9744,2868.5,0,14.7,2.5,0,0,dqn,rl_v2,0,0
527,12,12,59.9,59.2,1421,0.9816,2874.5,0,14.6,2.3,0,0,dqn,rl_v2,0,0
528,12,12,64.6,59.0,1415,0.9821,2880.5,0,14.7,2.3,0,0,dqn,rl_v2,0,0
529,12,12,59.7,58.3,1400,0.9833,2886.5,0,14.7,2.3,0,0,dqn,rl_v2,0,0
530,12,12,70.0,62.7,1504,0.9747,2892.5,0,14.8,2.5,0,0,dqn,rl_v2,0,0
531,12,12,75.8,62.6,1503,0.9748,2898.5,0,14.5,2.5,0,0,dqn,rl_v2,0,0
532,12,12,78.2,65.8,1578,0.9685,2904.5,0,14.9,2.6,0,0,dqn,rl_v2,0,0
533,12,12,93.1,68.5,1643,0.9631,2910.5,0,14.8,2.7,0,0,dqn,rl_v2,0,0
534,12,12,85.7,70.6,1695,0.9587,2916.5,0,14.9,2.8,0,0,dqn,rl_v2,0,0
535,12,12,90.9,70.3,1687,0.9594,2922.5,0,15.0,2.8,0,0,dqn,rl_v2,0,0
536,12,12,91.9,70.8,1698,0.9585,2928.5,0,14.9,2.8,0,0,dqn,rl_v2,0,0
537,12,12,82.0,71.5,1716,0.957,2934.5,0,15.2,2.8,0,0,dqn,rl_v2,0,0
538,12,12,80.9,71.5,1715,0.9571,2940.5,0,15.2,2.8,0,0,dqn,rl_v2,0,0
539,12,12,97.1,69.3,1664,0.9613,2946.5,0,15.1,2.7,0,0,dqn,rl_v2,0,0
540,12,12,103.2,75.8,1818,0.9485,2952.5,0,15.1,3.0,0,0,dqn,rl_v2,0,0
541,12,12,129.1,83.5,2005,0.9329,2958.5,0,15.5,3.3,0,0,dqn,rl_v2,0,0
542,12,12,102.2,74.7,1793,0.9506,2964.5,0,15.1,2.9,0,0,dqn,rl_v2,0,0
543,12,12,96.0,73.8,1772,0.9523,2970.5,0,15.2,2.9,0,0,dqn,rl_v2,0,0
544,12,12,117.4,79.1,1898,0.9418,2976.5,0,15.4,3.1,0,0,dqn,rl_v2,0,0
545,12,12,92.4,74.0,1775,0.9521,2982.5,0,14.8,2.9,0,0,dqn,rl_v2,0,0
546,12,12,89.2,69.0,1655,0.9621,2988.5,0,15.1,2.7,0,0,dqn,rl_v2,0,0
547,12,12,85.4,66.5,1595,0.9671,2994.5,0,14.7,2.6,0,0,dqn,rl_v2,0,0
548,12,12,79.3,66.8,1604,0.9663,3000.5,0,14.8,2.6,0,0,dqn,rl_v2,0,0
549,12,12,83.5,70.4,1689,0.9593,3006.5,0,15.2,2.8,0,0,dqn,rl_v2,0,0
550,12,12,93.0,71.8,1724,0.9563,3012.5,0,15.1,2.8,0,0,dqn,rl_v2,0,0
551,12,12,79.4,65.3,1567,0.9694,3018.5,0,14.9,2.6,0,0,dqn,rl_v2,0,0
552,12,12,75.7,64.2,1542,0.9715,3024.5,0,14.8,2.5,0,0,dqn,rl_v2,0,0
553,12,12,79.1,65.2,1566,0.9695,3030.5,0,14.7,2.6,0,0,dqn,rl_v2,0,0
554,12,12,62.6,61.4,1473,0.9772,3036.5,0,15.0,2.4,0,0,dqn,rl_v2,0,0
555,12,12,57.6,57.6,1382,0.9848,3042.5,0,14.7,2.3,0,0,dqn,rl_v2,0,0
556,12,12,48.5,54.5,1308,0.991,3048.5,0,14.4,2.1,0,0,dqn,rl_v2,0,0
557,12,12,35.4,50.3,1208,0.9993,3054.5,0,14.5,2.0,0,0,dqn,rl_v2,0,0
558,12,12,42.7,52.5,1261,0.9949,3060.5,0,14.4,2.1,0,0,dqn,rl_v2,0,0
559,12,12,25.9,46.9,1126,1.0,3066.5,0,14.2,1.8,0,0,dqn,rl_v2,0,0
560,12,12,34.9,47.9,1149,1.0,3072.5,0,14.4,1.9,0,0,dqn,rl_v2,0,0
561,12,12,39.9,51.1,1227,0.9978,3078.5,0,14.2,2.0,0,0,dqn,rl_v2,0,0
562,12,12,36.0,49.0,1175,1.0,3084.5,0,14.3,1.9,0,0,dqn,rl_v2,0,0
563,12,12,39.8,50.8,1220,0.9983,3090.5,0,14.5,2.0,0,0,dqn,rl_v2,0,0
564,12,12,32.9,49.5,1188,1.0,3096.5,0,14.4,1.9,0,0,dqn,rl_v2,0,0
565,12,12,27.1,46.4,1114,1.0,3102.5,0,14.1,1.8,0,0,dqn,rl_v2,0,0
566,12,12,20.9,44.2,1061,1.0,3108.5,0,14.4,1.7,0,0,dqn,rl_v2,0,0
567,12,12,40.9,50.4,1209,0.9992,3114.5,0,14.5,2.0,0,0,dqn,rl_v2,0,0
568,12,12,27.2,47.1,1131,1.0,3120.5,0,14.3,1.9,0,0,dqn,rl_v2,0,0
569,12,12,19.8,44.5,1067,1.0,3126.5,0,14.3,1.7,0,0,dqn,rl_v2,0,0
570,12,12,18.4,43.6,1046,1.0,3132.5,0,14.4,1.7,0,0,dqn,rl_v2,0,0
571,12,12,16.7,42.9,1029,1.0,3138.5,0,14.3,1.7,0,0,dqn,rl_v2,0,0
572,12,12,15.4,41.8,1003,1.0,3144.5,0,14.2,1.6,0,0,dqn,rl_v2,0,0
573,12,12,9.3,36.8,882,1.0,3150.5,0,14.1,1.4,0,0,dqn,rl_v2,0,0
574,12,12,9.5,38.2,917,1.0,3156.5,0,14.1,1.5,0,0,dqn,rl_v2,0,0
575,12,12,14.5,41.9,1006,1.0,3162.5,0,14.4,1.6,0,0,dqn,rl_v2,0,0
576,12,12,10.2,40.5,971,1.0,3168.5,0,14.1,1.6,0,0,dqn,rl_v2,0,0
577,12,12,9.6,39.0,937,1.0,3174.5,0,14.2,1.5,0,0,dqn,rl_v2,0,0
578,12,12,9.8,39.5,947,1.0,3180.5,0,14.1,1.6,0,0,dqn,rl_v2,0,0
579,12,12,8.3,39.7,953,1.0,3186.5,0,14.1,1.6,0,0,dqn,rl_v2,0,0
580,12,12,20.3,43.2,1037,1.0,3192.5,0,14.0,1.7,0,0,dqn,rl_v2,0,0
581,12,12,21.9,45.5,1093,1.0,3198.5,0,14.0,1.8,0,0,dqn,rl_v2,0,0
582,12,12,12.4,41.8,1004,1.0,3204.5,0,14.3,1.6,0,0,dqn,rl_v2,0,0
583,12,12,18.2,42.8,1028,1.0,3210.5,0,13.9,1.7,0,0,dqn,rl_v2,0,0
584,12,12,20.6,44.9,1077,1.0,3216.5,0,14.2,1.8,0,0,dqn,rl_v2,0,0
585,12,12,16.2,42.9,1029,1.0,3222.5,0,14.2,1.7,0,0,dqn,rl_v2,0,0
586,12,12,29.5,46.9,1125,1.0,3228.5,0,14.4,1.8,0,0,dqn,rl_v2,0,0
587,12,12,55.3,56.0,1345,0.9879,3234.5,0,14.7,2.2,0,0,dqn,rl_v2,0,0
588,12,12,35.2,49.7,1193,1.0,3240.5,0,14.4,2.0,0,0,dqn,rl_v2,0,0
589,12,12,19.4,44.0,1057,1.0,3246.5,0,14.3,1.7,0,0,dqn,rl_v2,0,0
590,12,12,17.6,43.4,1042,1.0,3252.5,0,14.2,1.7,0,0,dqn,rl_v2,0,0
591,12,12,16.3,43.1,1034,1.0,3258.5,0,14.0,1.7,0,0,dqn,rl_v2,0,0
592,12,12,19.8,44.5,1069,1.0,3264.5,0,14.4,1.8,0,0,dqn,rl_v2,0,0
593,12,12,19.3,44.0,1056,1.0,3270.5,0,14.2,1.7,0,0,dqn,rl_v2,0,0
594,12,12,15.9,42.8,1026,1.0,3276.5,0,14.3,1.7,0,0,dqn,rl_v2,0,0
595,12,12,27.8,46.0,1105,1.0,3282.5,0,14.2,1.8,0,0,dqn,rl_v2,0,0
596,12,12,27.0,46.0,1103,1.0,3288.5,0,14.2,1.8,0,0,dqn,rl_v2,0,0
597,12,12,9.0,38.5,925,1.0,3294.5,0,14.2,1.5,0,0,dqn,rl_v2,0,0
598,12,12,8.7,37.9,910,1.0,3300.5,0,14.0,1.5,0,0,dqn,rl_v2,0,0
599,12,12,15.0,42.5,1019,1.0,3306.5,0,14.5,1.7,0,0,dqn,rl_v2,0,0
600,12,12,25.2,47.3,1136,1.0,3312.5,0,14.1,1.9,0,0,dqn,rl_v2,0,0
601,12,12,31.7,48.9,1173,1.0,3318.5,0,14.6,1.9,0,0,dqn,rl_v2,0,0
602,12,12,27.0,48.3,1159,1.0,3324.5,0,14.4,1.9,0,0,dqn,rl_v2,0,0
603,12,12,25.3,45.1,1083,1.0,3330.5,0,14.2,1.8,0,0,dqn,rl_v2,0,0
604,12,12,20.8,44.1,1058,1.0,3336.5,0,14.4,1.7,0,0,dqn,rl_v2,0,0
605,12,12,16.1,43.0,1032,1.0,3342.5,0,14.3,1.7,0,0,dqn,rl_v2,0,0
606,12,12,14.8,42.5,1019,1.0,3348.5,0,14.1,1.7,0,0,dqn,rl_v2,0,0
607,12,12,18.8,43.8,1051,1.0,3354.5,0,14.0,1.7,0,0,dqn,rl_v2,0,0
608,12,12,36.8,49.5,1188,1.0,3360.5,0,14.3,1.9,0,0,dqn,rl_v2,0,0
609,12,12,28.9,48.4,1162,1.0,3366.5,0,14.2,1.9,0,0,dqn,rl_v2,0,0
610,12,12,47.3,54.0,1295,0.9921,3372.5,0,14.6,2.1,0,0,dqn,rl_v2,0,0
611,12,12,37.9,50.2,1206,0.9995,3378.5,0,14.5,2.0,0,0,dqn,rl_v2,0,0
612,12,12,30.2,47.9,1150,1.0,3384.5,0,14.4,1.9,0,0,dqn,rl_v2,0,0
613,12,12,37.5,48.4,1161,1.0,3390.5,0,14.1,1.9,0,0,dqn,rl_v2,0,0
614,12,12,35.5,50.1,1203,0.9998,3396.5,0,14.5,2.0,0,0,dqn,rl_v2,0,0
615,12,12,57.2,57.2,1374,0.9855,3402.5,0,14.8,2.3,0,0,dqn,rl_v2,0,0
616,12,12,40.4,52.9,1270,0.9942,3408.5,0,14.8,2.1,0,0,dqn,rl_v2,0,0
617,12,12,45.2,51.7,1241,0.9966,3414.5,0,14.6,2.0,0,0,dqn,rl_v2,0,0
618,12,12,41.4,51.7,1241,0.9966,3420.5,0,14.5,2.0,0,0,dqn,rl_v2,0,0
619,12,12,47.6,54.0,1296,0.992,3426.5,0,14.4,2.1,0,0,dqn,rl_v2,0,0
620,12,12,52.9,56.1,1346,0.9878,3432.5,0,14.3,2.2,0,0,dqn,rl_v2,0,0
621,12,12,62.0,59.2,1420,0.9817,3438.5,0,14.6,2.3,0,0,dqn,rl_v2,0,0
622,12,12,57.0,59.9,1438,0.9802,3444.5,0,14.9,2.4,0,0,dqn,rl_v2,0,0
623,12,12,69.0,60.9,1462,0.9782,3450.5,0,14.8,2.4,0,0,dqn,rl_v2,0,0
624,12,12,69.5,61.2,1469,0.9776,3456.5,0,14.8,2.4,0,0,dqn,rl_v2,0,0
625,12,12,86.1,71.9,1726,0.9562,3462.5,0,15.1,2.8,0,0,dqn,rl_v2,0,0
626,12,12,89.1,69.8,1675,0.9604,3468.5,0,14.8,2.7,0,0,dqn,rl_v2,0,0
627,12,12,82.9,65.9,1581,0.9683,3474.5,0,15.1,2.6,0,0,dqn,rl_v2,0,0
628,12,12,93.2,71.1,1707,0.9577,3480.5,0,15.1,2.8,0,0,dqn,rl_v2,0,0
629,12,12,92.5,68.8,1650,0.9625,3486.5,0,14.9,2.7,0,0,dqn,rl_v2,0,0
630,12,12,105.7,74.6,1791,0.9507,3492.5,0,15.1,2.9,0,0,dqn,rl_v2,0,0
631,12,12,100.2,77.0,1848,0.946,3498.5,0,15.1,3.0,0,0,dqn,rl_v2,0,0
632,12,12,110.6,77.5,1861,0.9449,3504.5,0,15.0,3.0,0,0,dqn,rl_v2,0,0
633,12,12,110.5,76.6,1839,0.9467,3510.5,0,15.4,3.0,0,0,dqn,rl_v2,0,0
634,12,12,97.5,74.1,1779,0.9517,3516.5,0,15.3,2.9,0,0,dqn,rl_v2,0,0
635,12,12,99.1,75.2,1805,0.9496,3522.5,0,15.1,3.0,0,0,dqn,rl_v2,0,0
636,12,12,103.9,75.2,1804,0.9497,3528.5,0,14.9,3.0,0,0,dqn,rl_v2,0,0
637,12,12,95.9,72.5,1741,0.9549,3534.5,0,15.2,2.9,0,0,dqn,rl_v2,0,0
638,12,12,90.5,70.9,1701,0.9583,3540.5,0,15.1,2.8,0,0,dqn,rl_v2,0,0
639,12,12,93.7,70.0,1679,0.9601,3546.5,0,15.0,2.8,0,0,dqn,rl_v2,0,0
640,12,12,92.3,69.1,1658,0.9618,3552.5,0,15.0,2.7,0,0,dqn,rl_v2,0,0
641,12,12,90.0,68.5,1645,0.9629,3558.5,0,14.8,2.7,0,0,dqn,rl_v2,0,0
642,12,12,90.1,72.3,1735,0.9554,3564.5,0,15.1,2.8,0,0,dqn,rl_v2,0,0
643,12,12,99.0,68.5,1644,0.963,3570.5,0,15.1,2.7,0,0,dqn,rl_v2,0,0
644,12,12,79.2,65.1,1562,0.9698,3576.5,0,15.1,2.6,0,0,dqn,rl_v2,0,0
645,12,12,72.4,63.2,1516,0.9737,3582.5,0,14.7,2.5,0,0,dqn,rl_v2,0,0
646,12,12,65.5,59.4,1426,0.9812,3588.5,0,14.6,2.3,0,0,dqn,rl_v2,0,0
647,12,12,64.7,59.0,1415,0.9821,3594.5,0,14.7,2.3,0,0,dqn,rl_v2,0,0
648,12,12,67.7,58.9,1414,0.9822,3600.5,0,14.6,2.3,0,0,dqn,rl_v2,0,0
649,12,12,50.0,55.4,1330,0.9892,3606.5,0,14.6,2.2,0,0,dqn,rl_v2,0,0
650,12,12,44.8,53.7,1289,0.9926,3612.5,0,14.5,2.1,0,0,dqn,rl_v2,0,0
651,12,12,34.6,49.0,1175,1.0,3618.5,0,14.6,1.9,0,0,dqn,rl_v2,0,0
652,12,12,31.3,47.1,1130,1.0,3624.5,0,14.4,1.9,0,0,dqn,rl_v2,0,0
653,12,12,26.1,46.0,1105,1.0,3630.5,0,14.3,1.8,0,0,dqn,rl_v2,0,0
654,12,12,15.5,42.0,1009,1.0,3636.5,0,14.4,1.7,0,0,dqn,rl_v2,0,0
655,12,12,10.0,39.7,953,1.0,3642.5,0,14.3,1.6,0,0,dqn,rl_v2,0,0
656,12,12,8.9,38.5,923,1.0,3648.5,0,14.0,1.5,0,0,dqn,rl_v2,0,0
657,12,12,9.1,36.2,869,1.0,3654.5,0,14.4,1.4,0,0,dqn,rl_v2,0,0
658,12,12,9.3,33.8,812,1.0,3660.5,0,13.9,1.3,0,0,dqn,rl_v2,0,0
659,12,12,9.8,31.0,745,1.0,3666.5,0,13.9,1.2,0,0,dqn,rl_v2,0,0
660,12,12,8.4,34.5,829,1.0,3672.5,0,13.8,1.4,0,0,dqn,rl_v2,0,0
661,12,12,8.1,35.5,853,1.0,3678.5,0,14.1,1.4,0,0,dqn,rl_v2,0,0
662,12,12,9.1,39.0,937,1.0,3684.5,0,14.1,1.5,0,0,dqn,rl_v2,0,0
663,12,12,13.1,41.5,995,1.0,3690.5,0,14.4,1.6,0,0,dqn,rl_v2,0,0
664,12,12,13.1,41.7,1001,1.0,3696.5,0,14.3,1.6,0,0,dqn,rl_v2,0,0
665,12,12,20.4,43.8,1051,1.0,3702.5,0,14.1,1.7,0,0,dqn,rl_v2,0,0
666,12,12,24.0,44.5,1068,1.0,3708.5,0,14.2,1.7,0,0,dqn,rl_v2,0,0
667,12,12,20.3,43.6,1047,1.0,3714.5,0,14.4,1.7,0,0,dqn,rl_v2,0,0
668,12,12,14.6,42.2,1014,1.0,3720.5,0,14.3,1.7,0,0,dqn,rl_v2,0,0
669,12,12,17.6,42.8,1026,1.0,3726.5,0,14.3,1.7,0,0,dqn,rl_v2,0,0
670,12,12,18.5,43.4,1042,1.0,3732.5,0,14.3,1.7,0,0,dqn,rl_v2,0,0
671,12,12,28.6,47.8,1148,1.0,3738.5,0,14.4,1.9,0,0,dqn,rl_v2,0,0
672,12,12,23.9,45.1,1083,1.0,3744.5,0,14.4,1.8,0,0,dqn,rl_v2,0,0
673,12,12,23.5,45.5,1093,1.0,3750.5,0,14.5,1.8,0,0,dqn,rl_v2,0,0
674,12,12,16.2,42.8,1026,1.0,3756.5,0,14.5,1.7,0,0,dqn,rl_v2,0,0
675,12,12,26.8,46.5,1116,1.0,3762.5,0,14.3,1.8,0,0,dqn,rl_v2,0,0
676,12,12,26.9,46.7,1121,1.0,3768.5,0,14.4,1.8,0,0,dqn,rl_v2,0,0
677,12,12,19.4,43.1,1034,1.0,3774.5,0,14.2,1.7,0,0,dqn,rl_v2,0,0
678,12,12,14.5,42.0,1008,1.0,3780.5,0,14.5,1.7,0,0,dqn,rl_v2,0,0
679,12,12,17.6,42.7,1024,1.0,3786.5,0,14.3,1.7,0,0,dqn,rl_v2,0,0
680,12,12,26.4,45.9,1102,1.0,3792.5,0,14.6,1.8,0,0,dqn,rl_v2,0,0
681,12,12,32.4,49.4,1186,1.0,3798.5,0,14.4,1.9,0,0,dqn,rl_v2,0,0
682,12,12,23.4,45.2,1084,1.0,3804.5,0,14.6,1.8,0,0,dqn,rl_v2,0,0
683,12,12,23.8,46.3,1112,1.0,3810.5,0,14.4,1.8,0,0,dqn,rl_v2,0,0
684,12,12,21.4,44.5,1068,1.0,3816.5,0,14.3,1.7,0,0,dqn,rl_v2,0,0
685,12,12,27.4,46.3,1112,1.0,3822.5,0,14.4,1.8,0,0,dqn,rl_v2,0,0
686,12,12,22.0,45.4,1089,1.0,3828.5,0,14.3,1.8,0,0,dqn,rl_v2,0,0
687,12,12,31.3,47.7,1144,1.0,3834.5,0,14.5,1.9,0,0,dqn,rl_v2,0,0
688,12,12,22.2,44.6,1070,1.0,3840.5,0,14.5,1.8,0,0,dqn,rl_v2,0,0
689,12,12,21.7,44.9,1078,1.0,3846.5,0,14.2,1.8,0,0,dqn,rl_v2,0,0
690,12,12,25.1,46.1,1106,1.0,3852.5,0,14.1,1.8,0,0,dqn,rl_v2,0,0
691,12,12,20.0,44.8,1075,1.0,3858.5,0,14.4,1.8,0,0,dqn,rl_v2,0,0
692,12,12,11.3,40.9,982,1.0,3864.5,0,14.4,1.6,0,0,dqn,rl_v2,0,0
693,12,12,32.9,48.9,1174,1.0,3870.5,0,14.5,1.9,0,0,dqn,rl_v2,0,0
694,12,12,36.7,50.7,1218,0.9985,3876.5,0,14.8,2.0,0,0,dqn,rl_v2,0,0
695,12,12,8.5,39.0,936,1.0,3882.5,0,14.1,1.5,0,0,dqn,rl_v2,0,0
696,12,12,9.4,37.9,910,1.0,3888.5,0,14.1,1.5,0,0,dqn,rl_v2,0,0
697,12,12,8.5,38.5,924,1.0,3894.5,0,14.1,1.5,0,0,dqn,rl_v2,0,0
698,12,12,9.5,39.1,939,1.0,3900.5,0,14.2,1.5,0,0,dqn,rl_v2,0,0
699,12,12,8.9,35.9,861,1.0,3906.5,0,14.2,1.4,0,0,dqn,rl_v2,0,0
700,12,12,8.7,35.8,859,1.0,3912.5,0,14.1,1.4,0,0,dqn,rl_v2,0,0
701,12,12,9.1,34.6,830,1.0,3918.5,0,13.9,1.4,0,0,dqn,rl_v2,0,0
702,12,12,9.6,36.2,868,1.0,3924.5,0,14.0,1.4,0,0,dqn,rl_v2,0,0
703,12,12,8.8,36.0,864,1.0,3930.5,0,14.2,1.4,0,0,dqn,rl_v2,0,0
704,12,12,9.8,34.5,829,1.0,3936.5,0,14.0,1.4,0,0,dqn,rl_v2,0,0
705,12,12,9.0,37.0,888,1.0,3942.5,0,14.2,1.5,0,0,dqn,rl_v2,0,0
706,12,12,8.1,37.9,910,1.0,3948.5,0,14.1,1.5,0,0,dqn,rl_v2,0,0
707,12,12,9.6,37.9,910,1.0,3954.5,0,14.1,1.5,0,0,dqn,rl_v2,0,0
708,12,12,8.9,36.1,866,1.0,3960.5,0,14.2,1.4,0,0,dqn,rl_v2,0,0
709,12,12,9.8,40.6,975,1.0,3966.5,0,14.3,1.6,0,0,dqn,rl_v2,0,0
710,12,12,18.7,44.1,1059,1.0,3972.5,0,14.4,1.7,0,0,dqn,rl_v2,0,0
711,12,12,18.9,43.9,1053,1.0,3978.5,0,14.4,1.7,0,0,dqn,rl_v2,0,0
712,12,12,20.5,44.2,1060,1.0,3984.5,0,14.4,1.7,0,0,dqn,rl_v2,0,0
713,12,12,19.1,42.8,1028,1.0,3990.5,0,14.5,1.7,0,0,dqn,rl_v2,0,0
714,12,12,21.4,45.0,1079,1.0,3996.5,0,14.2,1.8,0,0,dqn,rl_v2,0,0
715,12,12,9.7,40.4,970,1.0,4002.5,0,14.4,1.6,0,0,dqn,rl_v2,0,0
716,12,12,13.3,41.4,994,1.0,4008.5,0,14.3,1.6,0,0,dqn,rl_v2,0,0
717,12,12,16.8,42.0,1008,1.0,4014.5,0,14.4,1.7,0,0,dqn,rl_v2,0,0
718,12,12,15.2,42.2,1014,1.0,4020.5,0,14.2,1.7,0,0,dqn,rl_v2,0,0
719,12,12,32.8,48.1,1155,1.0,4026.5,0,14.5,1.9,0,0,dqn,rl_v2,0,0
720,12,12,16.2,42.6,1022,1.0,4032.5,0,14.2,1.7,0,0,dqn,rl_v2,0,0
721,12,12,12.3,41.0,983,1.0,4038.5,0,14.2,1.6,0,0,dqn,rl_v2,0,0
722,12,12,16.4,42.9,1030,1.0,4044.5,0,14.0,1.7,0,0,dqn,rl_v2,0,0
723,12,12,35.7,51.2,1229,0.9976,4050.5,0,14.6,2.0,0,0,dqn,rl_v2,0,0
724,12,12,39.8,51.3,1231,0.9974,4056.5,0,14.4,2.0,0,0,dqn,rl_v2,0,0
725,12,12,9.8,39.8,955,1.0,4062.5,0,14.3,1.6,0,0,dqn,rl_v2,0,0
726,12,12,9.3,39.7,952,1.0,4068.5,0,14.1,1.6,0,0,dqn,rl_v2,0,0
727,12,12,8.6,38.3,920,1.0,4074.5,0,14.2,1.5,0,0,dqn,rl_v2,0,0
728,12,12,9.0,39.5,948,1.0,4080.5,0,13.9,1.6,0,0,dqn,rl_v2,0,0
729,12,12,15.5,42.1,1010,1.0,4086.5,0,14.1,1.7,0,0,dqn,rl_v2,0,0
730,12,12,18.1,43.1,1034,1.0,4092.5,0,14.3,1.7,0,0,dqn,rl_v2,0,0
731,12,12,14.5,41.3,992,1.0,4098.5,0,14.3,1.6,0,0,dqn,rl_v2,0,0
732,12,12,21.7,45.3,1087,1.0,4104.5,0,14.5,1.8,0,0,dqn,rl_v2,0,0
733,12,12,25.5,45.7,1096,1.0,4110.5,0,14.6,1.8,0,0,dqn,rl_v2,0,0
734,12,12,23.2,45.2,1086,1.0,4116.5,0,14.4,1.8,0,0,dqn,rl_v2,0,0
735,12,12,27.9,47.7,1144,1.0,4122.5,0,14.6,1.9,0,0,dqn,rl_v2,0,0
736,12,12,10.8,40.4,970,1.0,4128.5,0,14.3,1.6,0,0,dqn,rl_v2,0,0
737,12,12,8.3,36.5,876,1.0,4134.5,0,14.3,1.4,0,0,dqn,rl_v2,0,0
738,12,12,8.4,38.9,934,1.0,4140.5,0,14.2,1.5,0,0,dqn,rl_v2,0,0
739,12,12,9.7,39.0,936,1.0,4146.5,0,14.2,1.5,0,0,dqn,rl_v2,0,0
740,12,12,14.7,41.9,1006,1.0,4152.5,0,14.2,1.6,0,0,dqn,rl_v2,0,0
741,12,12,9.6,39.3,944,1.0,4158.5,0,14.2,1.5,0,0,dqn,rl_v2,0,0
742,12,12,8.8,39.2,942,1.0,4164.5,0,14.1,1.5,0,0,dqn,rl_v2,0,0
743,12,12,9.7,37.1,891,1.0,4170.5,0,14.0,1.5,0,0,dqn,rl_v2,0,0
744,12,12,8.6,36.4,873,1.0,4176.5,0,14.1,1.4,0,0,dqn,rl_v2,0,0
745,12,12,9.4,35.8,860,1.0,4182.5,0,14.3,1.4,0,0,dqn,rl_v2,0,0
746,12,12,9.0,37.1,891,1.0,4188.5,0,14.1,1.5,0,0,dqn,rl_v2,0,0
747,12,12,10.0,34.2,822,1.0,4194.5,0,14.2,1.3,0,0,dqn,rl_v2,0,0
748,12,12,8.7,31.4,754,1.0,4200.5,0,13.9,1.2,0,0,dqn,rl_v2,0,0
749,12,12,9.1,34.7,832,1.0,4206.5,0,14.0,1.4,0,0,dqn,rl_v2,0,0
750,12,12,9.5,35.1,843,1.0,4212.5,0,14.2,1.4,0,0,dqn,rl_v2,0,0
751,12,12,9.5,34.8,834,1.0,4218.5,0,13.9,1.4,0,0,dqn,rl_v2,0,0
752,12,12,8.5,33.4,801,1.0,4224.5,0,14.2,1.3,0,0,dqn,rl_v2,0,0
753,12,12,8.8,31.0,744,1.0,4230.5,0,13.9,1.2,0,0,dqn,rl_v2,0,0
754,12,12,9.4,31.6,758,1.0,4236.5,0,14.0,1.2,0,0,dqn,rl_v2,0,0
755,12,12,9.6,32.4,777,1.0,4242.5,0,14.0,1.3,0,0,dqn,rl_v2,0,0
756,12,12,8.0,30.5,732,1.0,4248.5,0,13.7,1.2,0,0,dqn,rl_v2,0,0
757,12,12,9.7,30.2,724,1.0,4254.5,0,14.0,1.2,0,0,dqn,rl_v2,0,0
758,12,12,9.2,31.1,746,1.0,4260.5,0,13.7,1.2,0,0,dqn,rl_v2,0,0
759,7,7,107.5,75.9,1062,0.9483,4264.0,1,15.3,2.5,0,0,dqn,rl_v2,0,0
760,12,7,108.7,85.0,1190,0.93,4267.5,1,15.9,2.8,0,5,dqn,rl_v2,0,0
761,12,9,76.3,74.4,1160,0.9711,4272.0,0,15.3,2.5,0,3,dqn,rl_v2,0,0
762,12,11,46.8,67.2,1156,0.9949,4277.5,0,14.7,2.1,0,1,dqn,rl_v2,0,0
763,12,11,28.0,51.8,1015,1.0,4283.0,0,14.1,1.8,0,1,dqn,rl_v2,0,0
764,12,11,9.5,39.2,862,1.0,4288.5,0,13.8,1.5,0,1,dqn,rl_v2,0,0
765,12,11,8.8,39.2,863,1.0,4294.0,0,14.2,1.5,0,1,dqn,rl_v2,0,0
766,12,12,9.7,40.0,913,1.0,4300.0,0,14.0,1.5,0,0,dqn,rl_v2,0,0
767,12,12,10.1,41.7,951,1.0,4306.0,0,14.1,1.6,0,0,dqn,rl_v2,0,0
768,12,12,19.5,43.8,1050,1.0,4312.0,0,13.9,1.7,0,0,dqn,rl_v2,0,0
769,12,12,16.6,42.3,1015,1.0,4318.0,0,14.2,1.7,0,0,dqn,rl_v2,0,0
770,12,12,16.3,42.3,1016,1.0,4324.0,0,14.3,1.7,0,0,dqn,rl_v2,0,0
771,12,12,15.0,41.8,1002,1.0,4330.0,0,14.0,1.6,0,0,dqn,rl_v2,0,0
772,12,12,20.8,44.1,1059,1.0,4336.0,0,14.3,1.7,0,0,dqn,rl_v2,0,0
773,12,12,17.5,43.1,1034,1.0,4342.0,0,14.0,1.7,0,0,dqn,rl_v2,0,0
774,12,12,8.0,39.2,940,1.0,4348.0,0,14.3,1.5,0,0,dqn,rl_v2,0,0
775,12,12,9.1,36.4,874,1.0,4354.0,0,13.9,1.4,0,0,dqn,rl_v2,0,0
776,12,12,10.4,35.2,844,1.0,4360.0,0,14.0,1.4,0,0,dqn,rl_v2,0,0
777,12,12,8.9,33.2,797,1.0,4366.0,0,13.8,1.3,0,0,dqn,rl_v2,0,0
778,12,12,9.7,33.8,810,1.0,4372.0,0,14.0,1.3,0,0,dqn,rl_v2,0,0
779,12,12,8.9,34.0,816,1.0,4378.0,0,13.9,1.3,0,0,dqn,rl_v2,0,0
780,12,12,9.4,39.2,940,1.0,4384.0,0,14.2,1.5,0,0,dqn,rl_v2,0,0
781,12,12,10.5,39.7,952,1.0,4390.0,0,14.1,1.6,0,0,dqn,rl_v2,0,0
782,12,12,8.1,35.8,858,1.0,4396.0,0,13.9,1.4,0,0,dqn,rl_v2,0,0
783,12,12,9.2,37.4,898,1.0,4402.0,0,13.8,1.5,0,0,dqn,rl_v2,0,0
784,12,12,9.5,38.3,920,1.0,4408.0,0,14.1,1.5,0,0,dqn,rl_v2,0,0
785,12,12,9.4,37.9,910,1.0,4414.0,0,14.0,1.5,0,0,dqn,rl_v2,0,0
786,12,12,9.1,39.5,948,1.0,4420.0,0,14.1,1.6,0,0,dqn,rl_v2,0,0
787,12,12,9.0,37.8,908,1.0,4426.0,0,13.9,1.5,0,0,dqn,rl_v2,0,0
788,12,12,9.2,38.0,911,1.0,4432.0,0,14.1,1.5,0,0,dqn,rl_v2,0,0
789,12,12,9.8,39.6,951,1.0,4438.0,0,13.9,1.6,0,0,dqn,rl_v2,0,0
790,12,12,10.3,40.2,966,1.0,4444.0,0,14.3,1.6,0,0,dqn,rl_v2,0,0
791,12,12,23.3,44.9,1077,1.0,4450.0,0,14.3,1.8,0,0,dqn,rl_v2,0,0
792,12,12,9.4,39.2,942,1.0,4456.0,0,14.3,1.5,0,0,dqn,rl_v2,0,0
793,12,12,13.7,41.5,995,1.0,4462.0,0,14.4,1.6,0,0,dqn,rl_v2,0,0
794,12,12,15.3,41.8,1002,1.0,4468.0,0,14.2,1.6,0,0,dqn,rl_v2,0,0
795,12,12,13.2,41.5,997,1.0,4474.0,0,14.1,1.6,0,0,dqn,rl_v2,0,0
796,12,12,18.5,43.7,1048,1.0,4480.0,0,14.3,1.7,0,0,dqn,rl_v2,0,0
797,12,12,9.3,40.4,969,1.0,4486.0,0,14.2,1.6,0,0,dqn,rl_v2,0,0
798,12,12,33.2,49.9,1198,1.0,4492.0,0,14.4,2.0,0,0,dqn,rl_v2,0,0
799,12,12,13.8,42.6,1022,1.0,4498.0,0,14.3,1.7,0,0,dqn,rl_v2,0,0
800,12,12,10.1,40.2,964,1.0,4504.0,0,13.9,1.6,0,0,dqn,rl_v2,0,0
801,12,12,9.0,37.8,908,1.0,4510.0,0,14.0,1.5,0,0,dqn,rl_v2,0,0
802,12,12,8.8,38.0,912,1.0,4516.0,0,13.8,1.5,0,0,dqn,rl_v2,0,0
803,12,12,13.3,41.4,994,1.0,4522.0,0,14.1,1.6,0,0,dqn,rl_v2,0,0
804,12,12,22.5,44.4,1065,1.0,4528.0,0,14.7,1.7,0,0,dqn,rl_v2,0,0
805,12,12,9.7,40.2,964,1.0,4534.0,0,13.9,1.6,0,0,dqn,rl_v2,0,0
806,12,12,9.4,37.0,887,1.0,4540.0,0,14.0,1.5,0,0,dqn,rl_v2,0,0
807,12,12,8.9,35.7,857,1.0,4546.0,0,14.0,1.4,0,0,dqn,rl_v2,0,0
808,12,12,10.0,38.3,920,1.0,4552.0,0,14.1,1.5,0,0,dqn,rl_v2,0,0
809,12,12,11.3,40.8,979,1.0,4558.0,0,14.1,1.6,0,0,dqn,rl_v2,0,0
810,12,12,35.2,49.1,1179,1.0,4564.0,0,14.4,1.9,0,0,dqn,rl_v2,0,0
811,12,12,11.7,41.0,983,1.0,4570.0,0,14.0,1.6,0,0,dqn,rl_v2,0,0
812,12,12,9.7,37.1,890,1.0,4576.0,0,14.0,1.5,0,0,dqn,rl_v2,0,0
813,12,12,9.2,38.8,931,1.0,4582.0,0,14.3,1.5,0,0,dqn,rl_v2,0,0
814,12,12,9.1,38.7,929,1.0,4588.0,0,14.1,1.5,0,0,dqn,rl_v2,0,0
815,12,12,9.1,38.5,925,1.0,4594.0,0,14.0,1.5,0,0,dqn,rl_v2,0,0
816,12,12,9.4,37.2,892,1.0,4600.0,0,13.9,1.5,0,0,dqn,rl_v2,0,0
817,12,12,9.1,35.4,849,1.0,4606.0,0,14.0,1.4,0,0,dqn,rl_v2,0,0
818,12,12,8.4,36.3,871,1.0,4612.0,0,14.2,1.4,0,0,dqn,rl_v2,0,0
819,12,12,10.2,35.5,853,1.0,4618.0,0,14.0,1.4,0,0,dqn,rl_v2,0,0
820,12,12,42.0,52.0,1247,0.9961,4624.0,0,14.5,2.0,0,0,dqn,rl_v2,0,0
821,12,12,45.8,54.8,1316,0.9903,4630.0,0,14.6,2.2,0,0,dqn,rl_v2,0,0
822,12,12,54.9,57.0,1367,0.9861,4636.0,0,14.5,2.2,0,0,dqn,rl_v2,0,0
823,12,12,43.8,53.3,1280,0.9933,4642.0,0,14.5,2.1,0,0,dqn,rl_v2,0,0
824,12,12,20.5,44.2,1062,1.0,4648.0,0,14.0,1.7,0,0,dqn,rl_v2,0,0
825,12,12,9.3,38.3,920,1.0,4654.0,0,14.1,1.5,0,0,dqn,rl_v2,0,0
826,12,12,9.3,36.7,880,1.0,4660.0,0,14.2,1.4,0,0,dqn,rl_v2,0,0
827,12,12,9.3,38.4,921,1.0,4666.0,0,14.0,1.5,0,0,dqn,rl_v2,0,0
828,12,12,9.6,35.3,847,1.0,4672.0,0,14.1,1.4,0,0,dqn,rl_v2,0,0
829,12,12,14.5,42.7,1024,1.0,4678.0,0,14.1,1.7,0,0,dqn,rl_v2,0,0
830,12,12,20.0,44.2,1061,1.0,4684.0,0,14.3,1.7,0,0,dqn,rl_v2,0,0
831,12,12,11.5,40.6,974,1.0,4690.0,0,14.1,1.6,0,0,dqn,rl_v2,0,0
832,12,12,9.3,38.4,922,1.0,4696.0,0,14.1,1.5,0,0,dqn,rl_v2,0,0
833,12,12,9.6,37.7,904,1.0,4702.0,0,14.0,1.5,0,0,dqn,rl_v2,0,0
834,12,12,9.5,38.6,927,1.0,4708.0,0,14.2,1.5,0,0,dqn,rl_v2,0,0
835,12,12,8.7,39.0,937,1.0,4714.0,0,14.4,1.5,0,0,dqn,rl_v2,0,0
836,12,12,9.4,34.1,818,1.0,4720.0,0,14.0,1.3,0,0,dqn,rl_v2,0,0
837,12,12,8.6,35.8,858,1.0,4726.0,0,13.9,1.4,0,0,dqn,rl_v2,0,0
838,12,12,9.3,39.9,957,1.0,4732.0,0,14.2,1.6,0,0,dqn,rl_v2,0,0
839,12,12,16.6,42.6,1023,1.0,4738.0,0,14.0,1.7,0,0,dqn,rl_v2,0,0
840,12,12,24.2,46.1,1107,1.0,4744.0,0,14.6,1.8,0,0,dqn,rl_v2,0,0
841,12,12,10.2,40.5,971,1.0,4750.0,0,13.8,1.6,0,0,dqn,rl_v2,0,0
842,12,12,9.8,39.8,956,1.0,4756.0,0,13.9,1.6,0,0,dqn,rl_v2,0,0
843,12,12,8.9,39.2,941,1.0,4762.0,0,13.9,1.5,0,0,dqn,rl_v2,0,0
844,12,12,8.5,37.9,909,1.0,4768.0,0,14.0,1.5,0,0,dqn,rl_v2,0,0
845,12,12,11.7,41.0,985,1.0,4774.0,0,14.4,1.6,0,0,dqn,rl_v2,0,0
846,12,12,9.2,37.4,897,1.0,4780.0,0,14.0,1.5,0,0,dqn,rl_v2,0,0
847,12,12,8.6,38.0,913,1.0,4786.0,0,13.8,1.5,0,0,dqn,rl_v2,0,0
848,12,12,9.4,37.5,901,1.0,4792.0,0,14.0,1.5,0,0,dqn,rl_v2,0,0
849,12,12,14.4,42.2,1012,1.0,4798.0,0,14.4,1.7,0,0,dqn,rl_v2,0,0
850,12,12,12.2,41.0,983,1.0,4804.0,0,14.1,1.6,0,0,dqn,rl_v2,0,0
851,12,12,11.5,40.6,974,1.0,4810.0,0,14.2,1.6,0,0,dqn,rl_v2,0,0
852,12,12,9.2,38.8,930,1.0,4816.0,0,14.0,1.5,0,0,dqn,rl_v2,0,0
853,12,12,9.7,37.1,891,1.0,4822.0,0,14.1,1.5,0,0,dqn,rl_v2,0,0
854,12,12,9.1,38.3,920,1.0,4828.0,0,14.1,1.5,0,0,dqn,rl_v2,0,0
855,12,12,12.1,41.4,994,1.0,4834.0,0,14.3,1.6,0,0,dqn,rl_v2,0,0
856,12,12,12.1,41.4,993,1.0,4840.0,0,14.1,1.6,0,0,dqn,rl_v2,0,0
857,12,12,11.2,40.4,969,1.0,4846.0,0,14.3,1.6,0,0,dqn,rl_v2,0,0
858,12,12,9.0,37.7,905,1.0,4852.0,0,14.0,1.5,0,0,dqn,rl_v2,0,0
859,12,12,9.4,35.2,846,1.0,4858.0,0,14.2,1.4,0,0,dqn,rl_v2,0,0
860,12,12,8.8,35.0,840,1.0,4864.0,0,13.9,1.4,0,0,dqn,rl_v2,0,0
861,12,12,9.4,34.2,820,1.0,4870.0,0,14.1,1.3,0,0,dqn,rl_v2,0,0
862,12,12,10.3,40.1,963,1.0,4876.0,0,14.0,1.6,0,0,dqn,rl_v2,0,0
863,12,12,21.5,44.5,1069,1.0,4882.0,0,14.2,1.8,0,0,dqn,rl_v2,0,0
864,12,12,17.3,43.2,1037,1.0,4888.0,0,14.4,1.7,0,0,dqn,rl_v2,0,0
865,12,12,8.8,37.5,900,1.0,4894.0,0,14.1,1.5,0,0,dqn,rl_v2,0,0
866,12,12,8.8,34.2,821,1.0,4900.0,0,14.1,1.3,0,0,dqn,rl_v2,0,0
867,12,12,8.6,32.5,779,1.0,4906.0,0,14.2,1.3,0,0,dqn,rl_v2,0,0
868,12,12,8.6,32.5,779,1.0,4912.0,0,14.2,1.3,0,0,dqn,rl_v2,0,0
869,12,12,9.9,33.6,807,1.0,4918.0,0,14.1,1.3,0,0,dqn,rl_v2,0,0
870,12,12,8.4,36.2,868,1.0,4924.0,0,14.2,1.4,0,0,dqn,rl_v2,0,0
871,12,12,9.1,39.1,938,1.0,4930.0,0,14.3,1.5,0,0,dqn,rl_v2,0,0
872,12,12,15.1,42.1,1011,1.0,4936.0,0,14.0,1.7,0,0,dqn,rl_v2,0,0
873,12,12,27.0,45.6,1095,1.0,4942.0,0,14.1,1.8,0,0,dqn,rl_v2,0,0
874,12,12,13.1,41.5,996,1.0,4948.0,0,14.7,1.6,0,0,dqn,rl_v2,0,0
875,12,12,18.7,43.4,1042,1.0,4954.0,0,14.1,1.7,0,0,dqn,rl_v2,0,0
876,12,12,18.3,44.1,1058,1.0,4960.0,0,14.2,1.7,0,0,dqn,rl_v2,0,0
877,12,12,16.4,42.8,1028,1.0,4966.0,0,14.6,1.7,0,0,dqn,rl_v2,0,0
878,12,12,13.2,41.4,994,1.0,4972.0,0,14.3,1.6,0,0,dqn,rl_v2,0,0
879,12,12,9.7,40.2,964,1.0,4978.0,0,14.3,1.6,0,0,dqn,rl_v2,0,0
880,12,12,9.2,38.1,914,1.0,4984.0,0,14.0,1.5,0,0,dqn,rl_v2,0,0
881,12,12,9.3,38.2,917,1.0,4990.0,0,14.0,1.5,0,0,dqn,rl_v2,0,0
882,12,12,10.1,40.5,971,1.0,4996.0,0,14.2,1.6,0,0,dqn,rl_v2,0,0
883,12,12,9.8,36.3,871,1.0,5002.0,0,14.0,1.4,0,0,dqn,rl_v2,0,0
884,12,12,9.6,35.0,841,1.0,5008.0,0,14.0,1.4,0,0,dqn,rl_v2,0,0
885,12,12,14.1,41.4,993,1.0,5014.0,0,14.5,1.6,0,0,dqn,rl_v2,0,0
886,12,12,9.1,37.6,902,1.0,5020.0,0,13.9,1.5,0,0,dqn,rl_v2,0,0
887,12,12,8.7,35.5,853,1.0,5026.0,0,14.2,1.4,0,0,dqn,rl_v2,0,0
888,12,12,9.9,36.4,874,1.0,5032.0,0,14.2,1.4,0,0,dqn,rl_v2,0,0
889,12,12,8.7,37.5,899,1.0,5038.0,0,14.1,1.5,0,0,dqn,rl_v2,0,0
890,12,12,10.1,40.1,962,1.0,5044.0,0,14.2,1.6,0,0,dqn,rl_v2,0,0
891,12,12,8.1,36.3,872,1.0,5050.0,0,14.2,1.4,0,0,dqn,rl_v2,0,0
892,12,12,8.7,35.1,843,1.0,5056.0,0,14.0,1.4,0,0,dqn,rl_v2,0,0
893,12,12,9.5,31.7,761,1.0,5062.0,0,13.8,1.2,0,0,dqn,rl_v2,0,0
894,12,12,10.0,33.4,802,1.0,5068.0,0,13.8,1.3,0,0,dqn,rl_v2,0,0
895,12,12,9.2,32.5,780,1.0,5074.0,0,14.0,1.3,0,0,dqn,rl_v2,0,0
896,12,12,8.6,33.8,812,1.0,5080.0,0,13.8,1.3,0,0,dqn,rl_v2,0,0
897,12,12,9.2,34.0,815,1.0,5086.0,0,14.2,1.3,0,0,dqn,rl_v2,0,0
898,12,12,9.6,32.3,775,1.0,5092.0,0,14.1,1.3,0,0,dqn,rl_v2,0,0
899,12,12,8.6,32.9,789,1.0,5098.0,0,14.1,1.3,0,0,dqn,rl_v2,0,0
900,12,12,8.5,35.0,841,1.0,5104.0,0,14.1,1.4,0,0,dqn,rl_v2,0,0
901,12,12,9.6,35.6,854,1.0,5110.0,0,14.2,1.4,0,0,dqn,rl_v2,0,0
902,12,12,9.3,40.2,966,1.0,5116.0,0,14.4,1.6,0,0,dqn,rl_v2,0,0
903,12,12,10.5,40.2,965,1.0,5122.0,0,14.1,1.6,0,0,dqn,rl_v2,0,0
904,12,12,12.5,41.8,1003,1.0,5128.0,0,14.2,1.6,0,0,dqn,rl_v2,0,0
905,12,12,9.4,39.4,946,1.0,5134.0,0,14.1,1.5,0,0,dqn,rl_v2,0,0
906,12,12,11.1,40.6,975,1.0,5140.0,0,14.3,1.6,0,0,dqn,rl_v2,0,0
907,12,12,9.4,39.4,946,1.0,5146.0,0,13.8,1.5,0,0,dqn,rl_v2,0,0
908,12,12,11.3,40.9,981,1.0,5152.0,0,14.4,1.6,0,0,dqn,rl_v2,0,0
909,12,12,9.2,37.2,894,1.0,5158.0,0,13.9,1.5,0,0,dqn,rl_v2,0,0
910,12,12,9.9,36.1,867,1.0,5164.0,0,14.1,1.4,0,0,dqn,rl_v2,0,0
911,12,12,8.9,33.3,799,1.0,5170.0,0,13.8,1.3,0,0,dqn,rl_v2,0,0
912,12,12,9.0,33.2,796,1.0,5176.0,0,13.8,1.3,0,0,dqn,rl_v2,0,0
913,12,12,8.8,37.6,902,1.0,5182.0,0,14.2,1.5,0,0,dqn,rl_v2,0,0
914,12,12,15.4,42.0,1009,1.0,5188.0,0,14.2,1.7,0,0,dqn,rl_v2,0,0
915,12,12,10.1,35.6,855,1.0,5194.0,0,14.2,1.4,0,0,dqn,rl_v2,0,0
916,12,12,8.2,36.2,870,1.0,5200.0,0,14.0,1.4,0,0,dqn,rl_v2,0,0
917,12,12,9.4,31.7,761,1.0,5206.0,0,13.9,1.2,0,0,dqn,rl_v2,0,0
918,12,12,8.9,32.2,774,1.0,5212.0,0,13.9,1.3,0,0,dqn,rl_v2,0,0
919,12,12,10.3,40.7,977,1.0,5218.0,0,14.2,1.6,0,0,dqn,rl_v2,0,0
920,12,12,12.2,41.1,987,1.0,5224.0,0,14.3,1.6,0,0,dqn,rl_v2,0,0
921,12,12,16.9,43.2,1036,1.0,5230.0,0,14.1,1.7,0,0,dqn,rl_v2,0,0
922,12,12,14.9,41.9,1006,1.0,5236.0,0,14.6,1.6,0,0,dqn,rl_v2,0,0
923,12,12,13.1,42.0,1007,1.0,5242.0,0,14.5,1.6,0,0,dqn,rl_v2,0,0
924,12,12,8.2,39.8,954,1.0,5248.0,0,14.1,1.6,0,0,dqn,rl_v2,0,0
925,12,12,12.1,41.1,987,1.0,5254.0,0,14.3,1.6,0,0,dqn,rl_v2,0,0
926,12,12,13.5,41.6,999,1.0,5260.0,0,14.3,1.6,0,0,dqn,rl_v2,0,0
927,12,12,8.5,39.8,956,1.0,5266.0,0,14.3,1.6,0,0,dqn,rl_v2,0,0
928,12,12,10.1,40.3,968,1.0,5272.0,0,14.2,1.6,0,0,dqn,rl_v2,0,0
929,12,12,9.4,39.0,936,1.0,5278.0,0,14.0,1.5,0,0,dqn,rl_v2,0,0
930,12,12,9.5,39.3,944,1.0,5284.0,0,14.3,1.5,0,0,dqn,rl_v2,0,0
931,12,12,9.1,39.7,953,1.0,5290.0,0,14.3,1.6,0,0,dqn,rl_v2,0,0
932,12,12,8.6,34.8,834,1.0,5296.0,0,14.1,1.4,0,0,dqn,rl_v2,0,0
933,12,12,8.5,33.8,812,1.0,5302.0,0,13.8,1.3,0,0,dqn,rl_v2,0,0
934,12,12,8.4,35.6,854,1.0,5308.0,0,13.8,1.4,0,0,dqn,rl_v2,0,0
935,12,12,8.8,38.1,914,1.0,5314.0,0,14.1,1.5,0,0,dqn,rl_v2,0,0
936,12,12,8.7,37.7,904,1.0,5320.0,0,14.3,1.5,0,0,dqn,rl_v2,0,0
937,12,12,16.9,42.6,1023,1.0,5326.0,0,14.3,1.7,0,0,dqn,rl_v2,0,0
938,12,12,10.0,37.0,888,1.0,5332.0,0,14.0,1.5,0,0,dqn,rl_v2,0,0
939,12,12,9.4,38.2,916,1.0,5338.0,0,14.2,1.5,0,0,dqn,rl_v2,0,0
940,12,12,8.7,35.9,862,1.0,5344.0,0,14.3,1.4,0,0,dqn,rl_v2,0,0
941,12,12,8.9,38.2,918,1.0,5350.0,0,14.2,1.5,0,0,dqn,rl_v2,0,0
942,12,12,13.2,41.3,992,1.0,5356.0,0,14.4,1.6,0,0,dqn,rl_v2,0,0
943,12,12,8.6,38.3,919,1.0,5362.0,0,14.0,1.5,0,0,dqn,rl_v2,0,0
944,12,12,9.3,37.8,908,1.0,5368.0,0,14.2,1.5,0,0,dqn,rl_v2,0,0
945,12,12,25.5,46.0,1105,1.0,5374.0,0,14.4,1.8,0,0,dqn,rl_v2,0,0
946,12,12,16.3,42.8,1026,1.0,5380.0,0,14.4,1.7,0,0,dqn,rl_v2,0,0
947,12,12,8.2,38.8,930,1.0,5386.0,0,14.3,1.5,0,0,dqn,rl_v2,0,0
948,12,12,10.3,39.1,939,1.0,5392.0,0,14.4,1.5,0,0,dqn,rl_v2,0,0
949,12,12,23.7,44.4,1065,1.0,5398.0,0,14.4,1.7,0,0,dqn,rl_v2,0,0
950,12,12,23.6,45.3,1087,1.0,5404.0,0,14.3,1.8,0,0,dqn,rl_v2,0,0
951,12,12,43.1,51.8,1243,0.9964,5410.0,0,15.0,2.0,0,0,dqn,rl_v2,0,0
952,12,12,37.3,49.5,1187,1.0,5416.0,0,14.6,1.9,0,0,dqn,rl_v2,0,0
953,12,12,30.2,47.2,1132,1.0,5422.0,0,14.4,1.9,0,0,dqn,rl_v2,0,0
954,12,12,18.0,43.9,1053,1.0,5428.0,0,14.4,1.7,0,0,dqn,rl_v2,0,0
955,12,12,18.8,44.0,1057,1.0,5434.0,0,14.3,1.7,0,0,dqn,rl_v2,0,0
956,12,12,9.1,36.8,882,1.0,5440.0,0,14.1,1.4,0,0,dqn,rl_v2,0,0
957,12,12,9.3,37.6,902,1.0,5446.0,0,14.1,1.5,0,0,dqn,rl_v2,0,0
958,12,12,8.7,39.2,940,1.0,5452.0,0,14.2,1.5,0,0,dqn,rl_v2,0,0
959,12,12,8.6,38.1,915,1.0,5458.0,0,13.9,1.5,0,0,dqn,rl_v2,0,0
960,12,12,8.8,39.3,944,1.0,5464.0,0,14.4,1.5,0,0,dqn,rl_v2,0,0
961,12,12,9.5,38.1,914,1.0,5470.0,0,14.1,1.5,0,0,dqn,rl_v2,0,0
962,12,12,9.7,37.8,906,1.0,5476.0,0,14.3,1.5,0,0,dqn,rl_v2,0,0
963,12,12,8.7,34.3,824,1.0,5482.0,0,14.0,1.4,0,0,dqn,rl_v2,0,0
964,12,12,9.5,37.6,902,1.0,5488.0,0,14.1,1.5,0,0,dqn,rl_v2,0,0
965,12,12,10.1,40.2,965,1.0,5494.0,0,14.4,1.6,0,0,dqn,rl_v2,0,0
966,12,12,8.8,38.2,918,1.0,5500.0,0,14.1,1.5,0,0,dqn,rl_v2,0,0
967,12,12,9.0,38.8,931,1.0,5506.0,0,14.2,1.5,0,0,dqn,rl_v2,0,0
968,12,12,9.8,40.0,959,1.0,5512.0,0,14.2,1.6,0,0,dqn,rl_v2,0,0
969,12,12,16.8,43.1,1035,1.0,5518.0,0,14.3,1.7,0,0,dqn,rl_v2,0,0
970,12,12,17.2,43.2,1036,1.0,5524.0,0,14.1,1.7,0,0,dqn,rl_v2,0,0
971,12,12,19.1,43.7,1049,1.0,5530.0,0,14.4,1.7,0,0,dqn,rl_v2,0,0
972,12,12,9.2,40.2,964,1.0,5536.0,0,14.4,1.6,0,0,dqn,rl_v2,0,0
973,12,12,9.7,35.4,849,1.0,5542.0,0,13.9,1.4,0,0,dqn,rl_v2,0,0
974,12,12,13.1,41.4,994,1.0,5548.0,0,14.2,1.6,0,0,dqn,rl_v2,0,0
975,12,12,19.7,43.4,1041,1.0,5554.0,0,14.1,1.7,0,0,dqn,rl_v2,0,0
976,12,12,15.3,42.8,1027,1.0,5560.0,0,14.4,1.7,0,0,dqn,rl_v2,0,0
977,12,12,19.3,43.3,1039,1.0,5566.0,0,14.5,1.7,0,0,dqn,rl_v2,0,0
978,12,12,22.8,44.0,1056,1.0,5572.0,0,14.4,1.7,0,0,dqn,rl_v2,0,0
979,12,12,9.4,40.0,959,1.0,5578.0,0,14.3,1.6,0,0,dqn,rl_v2,0,0
980,12,12,8.7,39.2,940,1.0,5584.0,0,14.2,1.5,0,0,dqn,rl_v2,0,0
981,12,12,9.4,37.5,900,1.0,5590.0,0,14.1,1.5,0,0,dqn,rl_v2,0,0
982,12,12,9.3,37.5,900,1.0,5596.0,0,14.4,1.5,0,0,dqn,rl_v2,0,0
983,12,12,9.2,39.3,944,1.0,5602.0,0,14.2,1.5,0,0,dqn,rl_v2,0,0
984,12,12,11.1,40.8,979,1.0,5608.0,0,14.3,1.6,0,0,dqn,rl_v2,0,0
985,12,12,17.6,43.6,1047,1.0,5614.0,0,14.1,1.7,0,0,dqn,rl_v2,0,0
986,12,12,22.5,45.0,1081,1.0,5620.0,0,14.3,1.8,0,0,dqn,rl_v2,0,0
987,12,12,13.0,41.6,999,1.0,5626.0,0,14.3,1.6,0,0,dqn,rl_v2,0,0
988,12,12,9.8,39.1,938,1.0,5632.0,0,14.1,1.5,0,0,dqn,rl_v2,0,0
989,12,12,10.4,40.2,964,1.0,5638.0,0,14.1,1.6,0,0,dqn,rl_v2,0,0
990,12,12,27.0,45.6,1094,1.0,5644.0,0,14.4,1.8,0,0,dqn,rl_v2,0,0
991,12,12,16.7,42.4,1017,1.0,5650.0,0,14.4,1.7,0,0,dqn,rl_v2,0,0
992,12,12,20.8,44.4,1066,1.0,5656.0,0,14.3,1.7,0,0,dqn,rl_v2,0,0
993,12,12,28.9,48.1,1155,1.0,5662.0,0,14.6,1.9,0,0,dqn,rl_v2,0,0
994,12,12,28.3,47.0,1127,1.0,5668.0,0,14.8,1.8,0,0,dqn,rl_v2,0,0
995,12,12,18.4,43.6,1047,1.0,5674.0,0,14.3,1.7,0,0,dqn,rl_v2,0,0
996,12,12,35.5,50.5,1212,0.999,5680.0,0,14.4,2.0,0,0,dqn,rl_v2,0,0
997,12,12,43.7,53.5,1284,0.993,5686.0,0,14.6,2.1,0,0,dqn,rl_v2,0,0
998,12,12,16.7,43.2,1036,1.0,5692.0,0,14.5,1.7,0,0,dqn,rl_v2,0,0
999,12,12,9.1,39.6,951,1.0,5698.0,0,14.3,1.6,0,0,dqn,rl_v2,0,0
1000,12,12,9.4,39.6,951,1.0,5704.0,0,14.4,1.6,0,0,dqn,rl_v2,0,0
1001,12,12,8.6,38.1,915,1.0,5710.0,0,14.2,1.5,0,0,dqn,rl_v2,0,0
1002,12,12,8.5,39.5,948,1.0,5716.0,0,14.3,1.6,0,0,dqn,rl_v2,0,0
1003,12,12,8.9,37.3,896,1.0,5722.0,0,14.2,1.5,0,0,dqn,rl_v2,0,0
1004,12,12,8.6,36.8,883,1.0,5728.0,0,14.0,1.4,0,0,dqn,rl_v2,0,0
1005,12,12,8.7,38.6,927,1.0,5734.0,0,14.3,1.5,0,0,dqn,rl_v2,0,0
1006,12,12,8.7,35.2,845,1.0,5740.0,0,14.3,1.4,0,0,dqn,rl_v2,0,0
1007,12,12,8.4,34.3,823,1.0,5746.0,0,14.0,1.3,0,0,dqn,rl_v2,0,0
1008,12,12,8.3,34.3,823,1.0,5752.0,0,14.1,1.3,0,0,dqn,rl_v2,0,0
1009,12,12,9.1,36.0,864,1.0,5758.0,0,14.1,1.4,0,0,dqn,rl_v2,0,0
1010,12,12,9.3,36.7,880,1.0,5764.0,0,14.2,1.4,0,0,dqn,rl_v2,0,0
1011,12,12,9.4,38.5,924,1.0,5770.0,0,14.2,1.5,0,0,dqn,rl_v2,0,0
1012,12,12,8.9,35.8,860,1.0,5776.0,0,14.1,1.4,0,0,dqn,rl_v2,0,0
1013,12,12,8.9,35.3,847,1.0,5782.0,0,14.3,1.4,0,0,dqn,rl_v2,0,0
1014,12,12,18.6,43.8,1052,1.0,5788.0,0,14.3,1.7,0,0,dqn,rl_v2,0,0
1015,12,12,8.1,36.1,867,1.0,5794.0,0,14.0,1.4,0,0,dqn,rl_v2,0,0
1016,12,12,8.7,32.6,782,1.0,5800.0,0,14.1,1.3,0,0,dqn,rl_v2,0,0
1017,12,12,8.7,31.4,754,1.0,5806.0,0,13.9,1.2,0,0,dqn,rl_v2,0,0
1018,12,12,9.9,37.1,890,1.0,5812.0,0,14.2,1.5,0,0,dqn,rl_v2,0,0
1019,12,12,16.0,42.1,1010,1.0,5818.0,0,14.2,1.7,0,0,dqn,rl_v2,0,0
1020,12,12,22.5,44.5,1067,1.0,5824.0,0,14.7,1.7,0,0,dqn,rl_v2,0,0
1021,12,12,13.1,41.2,988,1.0,5830.0,0,14.4,1.6,0,0,dqn,rl_v2,0,0
1022,12,12,31.6,48.1,1155,1.0,5836.0,0,14.5,1.9,0,0,dqn,rl_v2,0,0
1023,12,12,14.9,42.1,1011,1.0,5842.0,0,14.3,1.7,0,0,dqn,rl_v2,0,0
1024,12,12,20.0,44.7,1072,1.0,5848.0,0,14.5,1.8,0,0,dqn,rl_v2,0,0
1025,12,12,34.1,47.6,1143,1.0,5854.0,0,14.4,1.9,0,0,dqn,rl_v2,0,0
1026,12,12,27.2,46.8,1122,1.0,5860.0,0,14.6,1.8,0,0,dqn,rl_v2,0,0
1027,12,12,33.3,47.8,1146,1.0,5866.0,0,14.6,1.9,0,0,dqn,rl_v2,0,0
1028,12,12,31.3,48.7,1169,1.0,5872.0,0,14.7,1.9,0,0,dqn,rl_v2,0,0
1029,12,12,45.8,53.8,1290,0.9925,5878.0,0,15.0,2.1,0,0,dqn,rl_v2,0,0
1030,12,12,53.3,57.5,1379,0.9851,5884.0,0,15.0,2.3,0,0,dqn,rl_v2,0,0
1031,12,12,58.4,58.8,1412,0.9823,5890.0,0,14.9,2.3,0,0,dqn,rl_v2,0,0
1032,12,12,69.0,62.0,1489,0.9759,5896.0,0,14.9,2.4,0,0,dqn,rl_v2,0,0
1033,12,12,70.9,62.5,1500,0.975,5902.0,0,15.2,2.5,0,0,dqn,rl_v2,0,0
1034,12,12,78.3,65.4,1570,0.9692,5908.0,0,14.8,2.6,0,0,dqn,rl_v2,0,0
1035,12,12,88.2,68.5,1643,0.9631,5914.0,0,15.3,2.7,0,0,dqn,rl_v2,0,0
1036,12,12,95.5,74.3,1784,0.9513,5920.0,0,15.3,2.9,0,0,dqn,rl_v2,0,0
1037,12,12,119.3,81.8,1963,0.9364,5926.0,0,15.6,3.2,0,0,dqn,rl_v2,0,0
1038,12,12,129.0,82.1,1971,0.9357,5932.0,0,15.5,3.2,0,0,dqn,rl_v2,0,0
1039,12,12,151.2,86.5,2075,0.9271,5938.0,0,15.7,3.4,0,0,dqn,rl_v2,0,0
1040,12,12,144.3,87.5,2100,0.925,5944.0,0,15.8,3.4,0,0,dqn,rl_v2,0,0
1041,12,12,152.2,88.8,2131,0.9224,5950.0,0,15.9,3.5,0,0,dqn,rl_v2,0,0
1042,12,12,126.2,90.9,2182,0.9182,5956.0,0,16.0,3.6,0,0,dqn,rl_v2,0,0
1043,12,12,155.3,89.7,2153,0.9206,5962.0,0,15.8,3.5,0,0,dqn,rl_v2,0,0
1044,12,12,146.8,92.0,2207,0.9161,5968.0,0,16.1,3.6,0,0,dqn,rl_v2,0,0
1045,12,12,148.8,88.8,2131,0.9224,5974.0,0,15.7,3.5,0,0,dqn,rl_v2,0,0
1046,12,12,137.7,86.8,2084,0.9263,5980.0,0,15.6,3.4,0,0,dqn,rl_v2,0,0
1047,12,12,137.7,86.6,2078,0.9268,5986.0,0,15.8,3.4,0,0,dqn,rl_v2,0,0
1048,12,12,141.4,87.9,2109,0.9243,5992.0,0,15.8,3.5,0,0,dqn,rl_v2,0,0
1049,12,12,114.6,82.9,1989,0.9343,5998.0,0,15.4,3.3,0,0,dqn,rl_v2,0,0
1050,12,12,128.2,83.4,2002,0.9332,6004.0,0,15.6,3.3,0,0,dqn,rl_v2,0,0
1051,12,12,107.0,77.3,1855,0.9454,6010.0,0,15.3,3.0,0,0,dqn,rl_v2,0,0
1052,12,12,94.7,72.9,1749,0.9543,6016.0,0,15.2,2.9,0,0,dqn,rl_v2,0,0
1053,12,12,81.2,69.4,1666,0.9612,6022.0,0,15.1,2.7,0,0,dqn,rl_v2,0,0
1054,12,12,82.4,66.9,1606,0.9662,6028.0,0,14.9,2.6,0,0,dqn,rl_v2,0,0
1055,12,12,80.0,63.7,1530,0.9725,6034.0,0,15.1,2.5,0,0,dqn,rl_v2,0,0
1056,12,12,78.4,65.8,1580,0.9683,6040.0,0,15.1,2.6,0,0,dqn,rl_v2,0,0
1057,12,12,76.4,64.6,1550,0.9708,6046.0,0,15.2,2.5,0,0,dqn,rl_v2,0,0
1058,12,12,65.1,61.7,1481,0.9766,6052.0,0,14.9,2.4,0,0,dqn,rl_v2,0,0
1059,12,12,61.3,58.6,1406,0.9828,6058.0,0,14.8,2.3,0,0,dqn,rl_v2,0,0
1060,12,12,64.4,58.4,1402,0.9832,6064.0,0,14.7,2.3,0,0,dqn,rl_v2,0,0
1061,12,12,52.5,56.7,1360,0.9867,6070.0,0,14.8,2.2,0,0,dqn,rl_v2,0,0
1062,12,12,40.0,52.2,1254,0.9955,6076.0,0,14.5,2.1,0,0,dqn,rl_v2,0,0
1063,12,12,40.3,50.2,1205,0.9996,6082.0,0,14.6,2.0,0,0,dqn,rl_v2,0,0
1064,12,12,37.2,49.0,1176,1.0,6088.0,0,14.6,1.9,0,0,dqn,rl_v2,0,0
1065,12,12,35.6,49.8,1196,1.0,6094.0,0,14.5,2.0,0,0,dqn,rl_v2,0,0
1066,12,12,39.4,50.5,1212,0.999,6100.0,0,14.9,2.0,0,0,dqn,rl_v2,0,0
1067,12,12,31.9,48.2,1157,1.0,6106.0,0,14.7,1.9,0,0,dqn,rl_v2,0,0
1068,12,12,20.4,44.1,1058,1.0,6112.0,0,14.4,1.7,0,0,dqn,rl_v2,0,0
1069,12,12,17.4,42.8,1027,1.0,6118.0,0,14.5,1.7,0,0,dqn,rl_v2,0,0
1070,12,12,9.1,37.6,902,1.0,6124.0,0,14.4,1.5,0,0,dqn,rl_v2,0,0
1071,12,12,8.4,35.2,846,1.0,6130.0,0,14.5,1.4,0,0,dqn,rl_v2,0,0
1072,12,12,9.7,37.2,893,1.0,6136.0,0,14.2,1.5,0,0,dqn,rl_v2,0,0
1073,12,12,21.6,44.2,1060,1.0,6142.0,0,14.7,1.7,0,0,dqn,rl_v2,0,0
1074,12,12,9.6,38.5,925,1.0,6148.0,0,14.0,1.5,0,0,dqn,rl_v2,0,0
1075,12,12,8.0,34.2,821,1.0,6154.0,0,14.2,1.3,0,0,dqn,rl_v2,0,0
1076,12,12,9.7,31.6,759,1.0,6160.0,0,14.1,1.2,0,0,dqn,rl_v2,0,0
1077,12,12,8.6,32.1,770,1.0,6166.0,0,14.2,1.3,0,0,dqn,rl_v2,0,0
1078,12,12,8.1,31.8,762,1.0,6172.0,0,14.3,1.2,0,0,dqn,rl_v2,0,0
1079,12,12,8.6,34.4,826,1.0,6178.0,0,14.2,1.4,0,0,dqn,rl_v2,0,0
1080,12,12,8.8,38.1,914,1.0,6184.0,0,14.5,1.5,0,0,dqn,rl_v2,0,0
1081,12,12,12.7,41.2,989,1.0,6190.0,0,14.5,1.6,0,0,dqn,rl_v2,0,0
1082,12,12,9.9,40.3,967,1.0,6196.0,0,14.3,1.6,0,0,dqn,rl_v2,0,0
1083,12,12,9.7,37.6,902,1.0,6202.0,0,14.5,1.5,0,0,dqn,rl_v2,0,0
1084,12,12,9.1,36.8,884,1.0,6208.0,0,14.5,1.4,0,0,dqn,rl_v2,0,0
1085,12,12,10.1,38.5,923,1.0,6214.0,0,14.4,1.5,0,0,dqn,rl_v2,0,0
1086,12,12,27.3,46.8,1123,1.0,6220.0,0,15.0,1.8,0,0,dqn,rl_v2,0,0
1087,12,12,27.9,47.7,1145,1.0,6226.0,0,14.5,1.9,0,0,dqn,rl_v2,0,0
1088,12,12,22.8,45.2,1085,1.0,6232.0,0,14.4,1.8,0,0,dqn,rl_v2,0,0
1089,12,12,38.3,51.8,1244,0.9963,6238.0,0,14.7,2.0,0,0,dqn,rl_v2,0,0
1090,12,12,28.3,47.0,1127,1.0,6244.0,0,14.7,1.8,0,0,dqn,rl_v2,0,0
1091,12,12,9.6,39.4,946,1.0,6250.0,0,14.5,1.5,0,0,dqn,rl_v2,0,0
1092,12,12,19.9,43.9,1054,1.0,6256.0,0,14.2,1.7,0,0,dqn,rl_v2,0,0
1093,12,12,9.7,40.2,964,1.0,6262.0,0,14.3,1.6,0,0,dqn,rl_v2,0,0
1094,12,12,26.4,46.0,1104,1.0,6268.0,0,14.5,1.8,0,0,dqn,rl_v2,0,0
1095,12,12,19.5,44.0,1056,1.0,6274.0,0,14.5,1.7,0,0,dqn,rl_v2,0,0
1096,12,12,10.1,37.0,889,1.0,6280.0,0,14.5,1.5,0,0,dqn,rl_v2,0,0
1097,12,12,9.4,37.1,890,1.0,6286.0,0,14.2,1.5,0,0,dqn,rl_v2,0,0
1098,12,12,9.6,36.7,881,1.0,6292.0,0,14.3,1.4,0,0,dqn,rl_v2,0,0
1099,12,12,9.3,40.4,970,1.0,6298.0,0,14.5,1.6,0,0,dqn,rl_v2,0,0
1100,12,12,9.2,34.8,834,1.0,6304.0,0,14.2,1.4,0,0,dqn,rl_v2,0,0
1101,12,12,9.3,37.3,896,1.0,6310.0,0,14.3,1.5,0,0,dqn,rl_v2,0,0
1102,12,12,8.9,34.0,815,1.0,6316.0,0,14.1,1.3,0,0,dqn,rl_v2,0,0
1103,12,12,9.1,33.2,797,1.0,6322.0,0,14.2,1.3,0,0,dqn,rl_v2,0,0
1104,12,12,9.4,37.7,905,1.0,6328.0,0,14.1,1.5,0,0,dqn,rl_v2,0,0
1105,12,12,9.3,37.5,901,1.0,6334.0,0,14.4,1.5,0,0,dqn,rl_v2,0,0
1106,12,12,9.1,39.5,948,1.0,6340.0,0,14.4,1.6,0,0,dqn,rl_v2,0,0
1107,12,12,25.4,46.1,1107,1.0,6346.0,0,14.2,1.8,0,0,dqn,rl_v2,0,0
1108,12,12,36.2,50.2,1206,0.9995,6352.0,0,14.7,2.0,0,0,dqn,rl_v2,0,0
1109,12,12,52.4,55.5,1333,0.9889,6358.0,0,14.7,2.2,0,0,dqn,rl_v2,0,0
1110,12,12,64.7,62.6,1503,0.9748,6364.0,0,15.0,2.5,0,0,dqn,rl_v2,0,0
1111,12,12,79.9,67.6,1623,0.9647,6370.0,0,15.0,2.7,0,0,dqn,rl_v2,0,0
1112,12,12,103.5,73.5,1765,0.9529,6376.0,0,15.4,2.9,0,0,dqn,rl_v2,0,0
1113,12,12,102.4,75.0,1800,0.95,6382.0,0,15.4,2.9,0,0,dqn,rl_v2,0,0
1114,12,12,127.3,78.7,1889,0.9426,6388.0,0,15.5,3.1,0,0,dqn,rl_v2,0,0
1115,12,12,111.8,77.1,1851,0.9457,6394.0,0,15.7,3.0,0,0,dqn,rl_v2,0,0
1116,12,12,78.4,68.9,1654,0.9622,6400.0,0,15.4,2.7,0,0,dqn,rl_v2,0,0
1117,12,12,84.7,67.5,1621,0.9649,6406.0,0,15.6,2.7,0,0,dqn,rl_v2,0,0
1118,12,12,54.1,56.2,1349,0.9876,6412.0,0,14.9,2.2,0,0,dqn,rl_v2,0,0
1119,12,12,43.3,52.5,1261,0.9949,6418.0,0,14.8,2.1,0,0,dqn,rl_v2,0,0
1120,12,12,27.3,47.8,1148,1.0,6424.0,0,14.4,1.9,0,0,dqn,rl_v2,0,0
1121,12,12,16.1,42.8,1028,1.0,6430.0,0,14.5,1.7,0,0,dqn,rl_v2,0,0
1122,12,12,8.6,37.0,889,1.0,6436.0,0,14.4,1.5,0,0,dqn,rl_v2,0,0
1123,12,12,8.8,34.1,819,1.0,6442.0,0,14.2,1.3,0,0,dqn,rl_v2,0,0
1124,12,12,9.9,35.2,845,1.0,6448.0,0,14.3,1.4,0,0,dqn,rl_v2,0,0
1125,12,12,8.1,37.2,894,1.0,6454.0,0,14.5,1.5,0,0,dqn,rl_v2,0,0
1126,12,12,9.6,34.1,819,1.0,6460.0,0,14.1,1.3,0,0,dqn,rl_v2,0,0
1127,12,12,8.8,29.3,704,1.0,6466.0,0,14.1,1.2,0,0,dqn,rl_v2,0,0
1128,12,12,10.6,29.0,697,1.0,6472.0,0,14.0,1.1,0,0,dqn,rl_v2,0,0
1129,7,7,38.7,53.0,742,0.994,6475.5,1,14.9,1.7,0,0,dqn,rl_v2,0,0
1130,7,7,61.0,65.4,916,0.9691,6479.0,0,15.8,2.1,0,0,dqn,rl_v2,0,0
1131,12,7,49.0,57.6,806,0.9849,6482.5,1,15.0,1.9,0,5,dqn,rl_v2,0,0
1132,12,8,30.4,51.6,764,1.0,6486.5,0,15.0,1.6,0,4,dqn,rl_v2,0,0
1133,12,12,11.0,43.6,784,1.0,6492.5,0,14.6,1.3,0,0,dqn,rl_v2,0,0
1134,12,12,9.6,39.2,753,1.0,6498.5,0,14.1,1.2,0,0,dqn,rl_v2,0,0
1135,8,8,32.7,50.9,815,0.9981,6502.5,1,14.8,2.0,0,0,dqn,rl_v2,0,0
1136,8,8,31.3,48.9,783,1.0,6506.5,0,14.8,1.9,0,0,dqn,rl_v2,0,0
1137,12,8,36.3,51.6,826,0.9968,6510.5,1,15.0,2.0,0,4,dqn,rl_v2,0,0
1138,12,11,9.2,41.8,770,1.0,6516.0,0,14.8,1.4,0,1,dqn,rl_v2,0,0
1139,12,12,10.8,37.6,722,1.0,6522.0,0,14.1,1.2,0,0,dqn,rl_v2,0,0
1140,12,12,9.8,32.1,732,1.0,6528.0,0,14.2,1.2,0,0,dqn,rl_v2,0,0
1141,7,7,39.1,52.9,740,0.9943,6531.5,1,15.3,1.7,0,0,dqn,rl_v2,0,0
1142,7,7,52.7,57.0,798,0.986,6535.0,0,15.1,1.9,0,0,dqn,rl_v2,0,0
1143,12,7,52.0,59.4,831,0.9813,6538.5,1,15.3,1.9,0,5,dqn,rl_v2,0,0
1144,12,9,39.5,58.2,908,0.9991,6543.0,0,15.5,2.0,0,3,dqn,rl_v2,0,0
1145,12,11,19.9,55.2,949,1.0,6548.5,0,14.8,1.7,0,1,dqn,rl_v2,0,0
1146,12,11,13.5,46.5,911,1.0,6554.0,0,14.3,1.6,0,1,dqn,rl_v2,0,0
1147,11,10,18.8,44.2,885,1.0,6559.0,1,14.7,1.7,0,1,dqn,rl_v2,0,0
1148,12,11,10.3,41.5,863,1.0,6564.5,1,14.2,1.5,0,1,dqn,rl_v2,0,0
1149,12,11,9.5,42.4,881,1.0,6570.0,0,14.5,1.6,0,1,dqn,rl_v2,0,0
1150,12,12,9.8,39.9,910,1.0,6576.0,0,14.4,1.5,0,0,dqn,rl_v2,0,0
1151,12,12,8.4,36.8,838,1.0,6582.0,0,14.2,1.4,0,0,dqn,rl_v2,0,0
1152,12,12,9.1,34.4,825,1.0,6588.0,0,14.1,1.4,0,0,dqn,rl_v2,0,0
1153,12,12,9.6,34.9,838,1.0,6594.0,0,14.2,1.4,0,0,dqn,rl_v2,0,0
1154,12,12,9.0,32.1,770,1.0,6600.0,0,14.0,1.3,0,0,dqn,rl_v2,0,0
1155,12,12,9.2,39.7,953,1.0,6606.0,0,14.3,1.6,0,0,dqn,rl_v2,0,0
1156,12,12,8.7,37.5,900,1.0,6612.0,0,14.1,1.5,0,0,dqn,rl_v2,0,0
1157,12,12,9.0,36.1,866,1.0,6618.0,0,14.1,1.4,0,0,dqn,rl_v2,0,0
1158,12,12,9.9,33.7,809,1.0,6624.0,0,14.0,1.3,0,0,dqn,rl_v2,0,0
1159,12,12,9.6,35.8,858,1.0,6630.0,0,14.3,1.4,0,0,dqn,rl_v2,0,0
1160,12,12,9.4,33.8,812,1.0,6636.0,0,14.0,1.3,0,0,dqn,rl_v2,0,0
1161,12,12,8.9,37.5,899,1.0,6642.0,0,14.3,1.5,0,0,dqn,rl_v2,0,0
1162,12,12,9.6,37.2,894,1.0,6648.0,0,14.1,1.5,0,0,dqn,rl_v2,0,0
1163,12,12,9.9,35.2,846,1.0,6654.0,0,14.4,1.4,0,0,dqn,rl_v2,0,0
1164,12,12,8.5,33.3,799,1.0,6660.0,0,14.2,1.3,0,0,dqn,rl_v2,0,0
1165,12,12,9.4,33.9,814,1.0,6666.0,0,13.7,1.3,0,0,dqn,rl_v2,0,0
1166,12,12,9.1,32.8,786,1.0,6672.0,0,13.9,1.3,0,0,dqn,rl_v2,0,0
1167,12,12,9.6,30.5,731,1.0,6678.0,0,14.0,1.2,0,0,dqn,rl_v2,0,0
1168,12,12,9.0,33.6,807,1.0,6684.0,0,14.0,1.3,0,0,dqn,rl_v2,0,0
1169,12,12,8.6,32.2,773,1.0,6690.0,0,14.1,1.3,0,0,dqn,rl_v2,0,0
1170,12,12,8.9,32.3,776,1.0,6696.0,0,14.4,1.3,0,0,dqn,rl_v2,0,0
1171,12,12,9.0,34.1,818,1.0,6702.0,0,14.2,1.3,0,0,dqn,rl_v2,0,0
1172,12,12,8.7,34.3,824,1.0,6708.0,0,14.2,1.4,0,0,dqn,rl_v2,0,0
1173,12,12,9.2,39.4,945,1.0,6714.0,0,14.2,1.5,0,0,dqn,rl_v2,0,0
1174,12,12,8.0,38.9,933,1.0,6720.0,0,14.2,1.5,0,0,dqn,rl_v2,0,0
1175,12,12,10.1,37.8,908,1.0,6726.0,0,14.4,1.5,0,0,dqn,rl_v2,0,0
1176,12,12,9.6,39.7,953,1.0,6732.0,0,14.3,1.6,0,0,dqn,rl_v2,0,0
1177,12,12,18.1,43.8,1050,1.0,6738.0,0,14.5,1.7,0,0,dqn,rl_v2,0,0
1178,12,12,23.4,45.3,1088,1.0,6744.0,0,14.2,1.8,0,0,dqn,rl_v2,0,0
1179,12,12,33.6,49.5,1189,1.0,6750.0,0,14.8,1.9,0,0,dqn,rl_v2,0,0
1180,12,12,68.3,62.0,1489,0.9759,6756.0,0,14.9,2.4,0,0,dqn,rl_v2,0,0
1181,12,12,51.8,56.7,1361,0.9866,6762.0,0,14.8,2.2,0,0,dqn,rl_v2,0,0
1182,12,12,64.4,62.5,1501,0.9749,6768.0,0,14.9,2.5,0,0,dqn,rl_v2,0,0
1183,12,12,72.5,64.3,1544,0.9713,6774.0,0,15.0,2.5,0,0,dqn,rl_v2,0,0
1184,12,12,78.7,64.5,1548,0.971,6780.0,0,14.9,2.5,0,0,dqn,rl_v2,0,0
1185,12,12,95.1,70.7,1697,0.9586,6786.0,0,15.3,2.8,0,0,dqn,rl_v2,0,0
1186,12,12,87.8,70.2,1686,0.9595,6792.0,0,15.4,2.8,0,0,dqn,rl_v2,0,0
1187,12,12,90.6,71.1,1707,0.9577,6798.0,0,15.3,2.8,0,0,dqn,rl_v2,0,0
1188,12,12,81.3,67.2,1613,0.9656,6804.0,0,15.2,2.6,0,0,dqn,rl_v2,0,0
1189,12,12,88.1,70.2,1685,0.9596,6810.0,0,15.0,2.8,0,0,dqn,rl_v2,0,0
1190,12,12,98.0,69.9,1678,0.9602,6816.0,0,15.5,2.7,0,0,dqn,rl_v2,0,0
1191,12,12,91.2,68.6,1646,0.9628,6822.0,0,15.2,2.7,0,0,dqn,rl_v2,0,0
1192,12,12,79.3,67.1,1611,0.9657,6828.0,0,15.0,2.6,0,0,dqn,rl_v2,0,0
1193,12,12,73.2,63.4,1521,0.9732,6834.0,0,14.9,2.5,0,0,dqn,rl_v2,0,0
1194,12,12,64.5,59.2,1422,0.9815,6840.0,0,14.6,2.3,0,0,dqn,rl_v2,0,0
1195,12,12,76.0,62.8,1507,0.9744,6846.0,0,15.0,2.5,0,0,dqn,rl_v2,0,0
1196,12,12,62.4,59.5,1427,0.9811,6852.0,0,15.0,2.3,0,0,dqn,rl_v2,0,0
1197,12,12,43.6,52.4,1257,0.9952,6858.0,0,14.8,2.1,0,0,dqn,rl_v2,0,0
1198,12,12,30.2,47.8,1146,1.0,6864.0,0,14.5,1.9,0,0,dqn,rl_v2,0,0
1199,12,12,20.2,44.5,1068,1.0,6870.0,0,14.6,1.7,0,0,dqn,rl_v2,0,0
1200,12,12,28.4,46.6,1118,1.0,6876.0,0,14.7,1.8,0,0,dqn,rl_v2,0,0
1201,12,12,14.8,42.3,1016,1.0,6882.0,0,14.3,1.7,0,0,dqn,rl_v2,0,0
1202,12,12,9.4,40.1,962,1.0,6888.0,0,14.3,1.6,0,0,dqn,rl_v2,0,0
1203,12,12,10.1,39.1,939,1.0,6894.0,0,14.6,1.5,0,0,dqn,rl_v2,0,0
1204,12,12,10.7,40.6,975,1.0,6900.0,0,14.3,1.6,0,0,dqn,rl_v2,0,0
1205,12,12,9.1,39.1,939,1.0,6906.0,0,14.3,1.5,0,0,dqn,rl_v2,0,0
1206,12,12,8.5,40.0,959,1.0,6912.0,0,14.4,1.6,0,0,dqn,rl_v2,0,0
1207,12,12,8.9,36.6,878,1.0,6918.0,0,14.4,1.4,0,0,dqn,rl_v2,0,0
1208,12,12,9.3,36.5,876,1.0,6924.0,0,14.4,1.4,0,0,dqn,rl_v2,0,0
1209,12,12,10.5,33.0,791,1.0,6930.0,0,14.2,1.3,0,0,dqn,rl_v2,0,0
1210,12,12,8.9,31.8,763,1.0,6936.0,0,14.4,1.3,0,0,dqn,rl_v2,0,0
1211,12,12,9.0,31.1,746,1.0,6942.0,0,14.2,1.2,0,0,dqn,rl_v2,0,0
1212,12,12,10.5,40.3,968,1.0,6948.0,0,14.3,1.6,0,0,dqn,rl_v2,0,0
1213,12,12,9.0,38.7,928,1.0,6954.0,0,14.3,1.5,0,0,dqn,rl_v2,0,0
1214,12,12,8.6,36.9,886,1.0,6960.0,0,14.4,1.5,0,0,dqn,rl_v2,0,0
1215,12,12,14.6,42.0,1007,1.0,6966.0,0,14.5,1.6,0,0,dqn,rl_v2,0,0
1216,12,12,9.4,36.4,873,1.0,6972.0,0,14.2,1.4,0,0,dqn,rl_v2,0,0
1217,12,12,10.0,35.1,842,1.0,6978.0,0,14.2,1.4,0,0,dqn,rl_v2,0,0
1218,12,12,9.1,35.7,856,1.0,6984.0,0,14.1,1.4,0,0,dqn,rl_v2,0,0
1219,12,12,9.2,35.6,854,1.0,6990.0,0,14.3,1.4,0,0,dqn,rl_v2,0,0
1220,12,12,9.5,32.0,768,1.0,6996.0,0,14.4,1.3,0,0,dqn,rl_v2,0,0
1221,12,12,8.7,32.4,778,1.0,7002.0,0,14.0,1.3,0,0,dqn,rl_v2,0,0
1222,12,12,10.2,33.9,814,1.0,7008.0,0,14.0,1.3,0,0,dqn,rl_v2,0,0
1223,12,12,9.0,33.5,805,1.0,7014.0,0,13.9,1.3,0,0,dqn,rl_v2,0,0
1224,12,12,9.0,37.4,897,1.0,7020.0,0,14.2,1.5,0,0,dqn,rl_v2,0,0
1225,12,12,8.6,36.7,880,1.0,7026.0,0,14.2,1.4,0,0,dqn,rl_v2,0,0
1226,12,12,9.3,37.4,897,1.0,7032.0,0,14.1,1.5,0,0,dqn,rl_v2,0,0
1227,12,12,8.3,36.2,869,1.0,7038.0,0,14.4,1.4,0,0,dqn,rl_v2,0,0
1228,12,12,8.5,33.6,806,1.0,7044.0,0,14.1,1.3,0,0,dqn,rl_v2,0,0
1229,12,12,9.3,33.3,800,1.0,7050.0,0,14.2,1.3,0,0,dqn,rl_v2,0,0
1230,12,12,9.1,37.4,898,1.0,7056.0,0,14.2,1.5,0,0,dqn,rl_v2,0,0
1231,12,12,22.3,44.8,1074,1.0,7062.0,0,14.7,1.8,0,0,dqn,rl_v2,0,0
1232,12,12,8.6,37.1,891,1.0,7068.0,0,14.2,1.5,0,0,dqn,rl_v2,0,0
1233,12,12,9.3,31.5,756,1.0,7074.0,0,14.0,1.2,0,0,dqn,rl_v2,0,0
1234,12,12,9.6,33.3,800,1.0,7080.0,0,14.2,1.3,0,0,dqn,rl_v2,0,0
1235,12,12,8.0,35.7,857,1.0,7086.0,0,14.3,1.4,0,0,dqn,rl_v2,0,0
1236,12,12,9.5,36.8,884,1.0,7092.0,0,14.2,1.4,0,0,dqn,rl_v2,0,0
1237,12,12,9.6,36.2,870,1.0,7098.0,0,14.5,1.4,0,0,dqn,rl_v2,0,0
1238,12,12,9.7,37.2,894,1.0,7104.0,0,14.5,1.5,0,0,dqn,rl_v2,0,0
1239,12,12,13.5,41.6,998,1.0,7110.0,0,14.4,1.6,0,0,dqn,rl_v2,0,0
1240,12,12,8.5,36.2,870,1.0,7116.0,0,14.5,1.4,0,0,dqn,rl_v2,0,0
1241,12,12,8.8,37.3,895,1.0,7122.0,0,14.4,1.5,0,0,dqn,rl_v2,0,0
1242,12,12,10.0,35.3,848,1.0,7128.0,0,14.2,1.4,0,0,dqn,rl_v2,0,0
1243,12,12,8.6,32.5,780,1.0,7134.0,0,14.1,1.3,0,0,dqn,rl_v2,0,0
1244,12,12,9.1,37.0,888,1.0,7140.0,0,14.0,1.5,0,0,dqn,rl_v2,0,0
1245,12,12,8.8,32.0,768,1.0,7146.0,0,14.4,1.3,0,0,dqn,rl_v2,0,0
1246,12,12,9.3,29.6,710,1.0,7152.0,0,14.2,1.2,0,0,dqn,rl_v2,0,0
1247,12,12,9.1,30.4,730,1.0,7158.0,0,14.1,1.2,0,0,dqn,rl_v2,0,0
1248,7,7,36.5,51.9,726,0.9963,7161.5,1,15.0,1.7,0,0,dqn,rl_v2,0,0
1249,7,7,40.4,53.8,753,0.9924,7165.0,0,15.2,1.8,0,0,dqn,rl_v2,0,0
1250,12,7,54.7,58.4,817,0.9833,7168.5,1,15.5,1.9,0,5,dqn,rl_v2,0,0
1251,12,12,10.4,49.2,885,1.0,7174.5,0,15.1,1.4,0,0,dqn,rl_v2,0,0
1252,12,12,9.1,49.2,886,1.0,7180.5,0,14.3,1.5,0,0,dqn,rl_v2,0,0
1253,8,8,73.1,67.2,1076,0.9655,7184.5,1,15.5,2.6,0,0,dqn,rl_v2,0,0
1254,8,8,75.2,66.2,1060,0.9675,7188.5,0,15.6,2.6,0,0,dqn,rl_v2,0,0
1255,12,8,48.9,55.2,884,0.9895,7192.5,1,15.1,2.2,0,4,dqn,rl_v2,0,0
1256,12,8,52.5,57.1,913,0.9859,7196.5,0,15.4,2.2,0,4,dqn,rl_v2,0,0
1257,12,10,36.7,56.5,994,1.0,7201.5,0,15.0,2.0,0,2,dqn,rl_v2,0,0
1258,12,12,11.6,46.6,894,1.0,7207.5,0,14.5,1.5,0,0,dqn,rl_v2,0,0
1259,12,12,9.8,40.1,866,1.0,7213.5,0,14.4,1.4,0,0,dqn,rl_v2,0,0
1260,8,8,45.4,56.9,910,0.9862,7217.5,1,15.4,2.2,0,0,dqn,rl_v2,0,0
1261,12,8,48.9,56.8,908,0.9865,7221.5,1,15.4,2.2,0,4,dqn,rl_v2,0,0
1262,12,11,23.1,53.0,976,1.0,7227.0,0,15.1,1.7,0,1,dqn,rl_v2,0,0
1263,12,11,25.2,55.5,1022,1.0,7232.5,0,14.5,1.8,0,1,dqn,rl_v2,0,0
1264,12,12,18.1,44.9,1023,1.0,7238.5,0,14.5,1.7,0,0,dqn,rl_v2,0,0
1265,11,11,29.1,49.0,1019,1.0,7244.0,1,14.6,1.8,0,0,dqn,rl_v2,0,0
1266,12,11,16.8,43.3,952,1.0,7249.5,1,14.6,1.7,0,1,dqn,rl_v2,0,0
1267,12,11,14.2,42.2,929,1.0,7255.0,0,14.6,1.7,0,1,dqn,rl_v2,0,0
1268,12,11,8.6,38.9,855,1.0,7260.5,0,14.6,1.5,0,1,dqn,rl_v2,0,0
1269,12,12,9.1,37.7,860,1.0,7266.5,0,14.2,1.4,0,0,dqn,rl_v2,0,0
1270,12,12,9.1,37.9,864,1.0,7272.5,0,14.1,1.4,0,0,dqn,rl_v2,0,0
1271,12,12,8.6,35.0,839,1.0,7278.5,0,14.1,1.4,0,0,dqn,rl_v2,0,0
1272,12,12,8.8,34.5,828,1.0,7284.5,0,14.2,1.4,0,0,dqn,rl_v2,0,0
1273,12,12,8.6,34.5,828,1.0,7290.5,0,14.4,1.4,0,0,dqn,rl_v2,0,0
1274,12,12,9.3,34.6,831,1.0,7296.5,0,14.1,1.4,0,0,dqn,rl_v2,0,0
1275,12,12,8.6,37.3,895,1.0,7302.5,0,14.2,1.5,0,0,dqn,rl_v2,0,0
1276,12,12,9.8,33.4,801,1.0,7308.5,0,14.1,1.3,0,0,dqn,rl_v2,0,0
1277,12,12,8.7,39.5,947,1.0,7314.5,0,14.1,1.6,0,0,dqn,rl_v2,0,0
1278,12,12,18.3,42.5,1021,1.0,7320.5,0,14.6,1.7,0,0,dqn,rl_v2,0,0
1279,12,12,9.1,35.2,844,1.0,7326.5,0,14.3,1.4,0,0,dqn,rl_v2,0,0
1280,12,12,9.2,37.0,887,1.0,7332.5,0,14.2,1.5,0,0,dqn,rl_v2,0,0
1281,12,12,9.3,39.5,947,1.0,7338.5,0,14.2,1.6,0,0,dqn,rl_v2,0,0
1282,12,12,8.4,37.1,890,1.0,7344.5,0,14.4,1.5,0,0,dqn,rl_v2,0,0
1283,12,12,8.1,33.5,804,1.0,7350.5,0,14.3,1.3,0,0,dqn,rl_v2,0,0
1284,12,12,9.0,36.3,872,1.0,7356.5,0,14.4,1.4,0,0,dqn,rl_v2,0,0
1285,12,12,9.7,39.9,958,1.0,7362.5,0,14.3,1.6,0,0,dqn,rl_v2,0,0
1286,12,12,8.7,34.2,821,1.0,7368.5,0,14.2,1.3,0,0,dqn,rl_v2,0,0
1287,12,12,9.0,33.2,796,1.0,7374.5,0,14.3,1.3,0,0,dqn,rl_v2,0,0
1288,12,12,9.5,33.7,808,1.0,7380.5,0,14.1,1.3,0,0,dqn,rl_v2,0,0
1289,12,12,8.9,31.2,749,1.0,7386.5,0,14.4,1.2,0,0,dqn,rl_v2,0,0
1290,12,12,9.4,40.0,960,1.0,7392.5,0,14.5,1.6,0,0,dqn,rl_v2,0,0
1291,12,12,9.1,38.1,914,1.0,7398.5,0,14.3,1.5,0,0,dqn,rl_v2,0,0
1292,12,12,8.8,35.1,842,1.0,7404.5,0,14.2,1.4,0,0,dqn,rl_v2,0,0
1293,12,12,8.7,34.0,815,1.0,7410.5,0,14.2,1.3,0,0,dqn,rl_v2,0,0
1294,12,12,9.0,33.0,791,1.0,7416.5,0,14.2,1.3,0,0,dqn,rl_v2,0,0
1295,12,12,9.9,32.7,785,1.0,7422.5,0,14.2,1.3,0,0,dqn,rl_v2,0,0
1296,12,12,9.5,32.3,776,1.0,7428.5,0,13.9,1.3,0,0,dqn,rl_v2,0,0
1297,12,12,8.5,33.4,801,1.0,7434.5,0,14.3,1.3,0,0,dqn,rl_v2,0,0
1298,12,12,8.7,30.6,735,1.0,7440.5,0,14.2,1.2,0,0,dqn,rl_v2,0,0
1299,12,12,8.9,28.8,692,1.0,7446.5,0,14.2,1.1,0,0,dqn,rl_v2,0,0
1300,12,12,8.3,31.5,755,1.0,7452.5,0,14.1,1.2,0,0,dqn,rl_v2,0,0
1301,7,7,36.6,50.4,706,0.9991,7456.0,1,15.5,1.7,0,0,dqn,rl_v2,0,0
1302,12,7,35.2,49.6,694,1.0,7459.5,1,15.2,1.6,0,5,dqn,rl_v2,0,0
1303,12,10,9.1,40.4,662,1.0,7464.5,0,14.6,1.3,0,2,dqn,rl_v2,0,0
1304,12,11,10.0,42.7,735,1.0,7470.0,0,14.2,1.3,0,1,dqn,rl_v2,0,0
1305,12,12,10.3,36.0,777,1.0,7476.0,0,14.3,1.3,0,0,dqn,rl_v2,0,0
1306,7,7,39.9,52.3,732,0.9954,7479.5,1,15.3,1.7,0,0,dqn,rl_v2,0,0
1307,12,7,37.5,50.5,707,0.999,7483.0,1,15.4,1.7,0,5,dqn,rl_v2,0,0
1308,12,11,9.0,43.2,743,1.0,7488.5,0,14.9,1.3,0,1,dqn,rl_v2,0,0
1309,12,12,9.7,46.3,834,1.0,7494.5,0,14.4,1.4,0,0,dqn,rl_v2,0,0
1310,8,8,38.3,52.9,846,0.9942,7498.5,1,15.1,2.1,0,0,dqn,rl_v2,0,0
1311,8,8,41.1,51.8,829,0.9964,7502.5,0,15.2,2.0,0,0,dqn,rl_v2,0,0
1312,12,8,24.4,46.1,738,1.0,7506.5,1,14.9,1.8,0,4,dqn,rl_v2,0,0
1313,12,11,8.5,41.0,754,1.0,7512.0,0,14.9,1.3,0,1,dqn,rl_v2,0,0
1314,12,12,11.3,40.9,786,1.0,7518.0,0,14.2,1.3,0,0,dqn,rl_v2,0,0
1315,7,7,73.4,64.1,897,0.9719,7521.5,1,15.5,2.1,0,0,dqn,rl_v2,0,0
1316,8,7,47.6,54.0,756,0.992,7525.0,1,15.1,1.8,0,1,dqn,rl_v2,0,0
1317,12,7,52.1,56.1,785,0.9879,7528.5,1,15.4,1.8,0,5,dqn,rl_v2,0,0
1318,12,10,9.6,46.6,765,1.0,7533.5,0,15.3,1.5,0,2,dqn,rl_v2,0,0
1319,12,11,9.4,43.1,741,1.0,7539.0,0,14.4,1.3,0,1,dqn,rl_v2,0,0
1320,12,12,9.8,36.6,790,1.0,7545.0,0,14.3,1.3,0,0,dqn,rl_v2,0,0
1321,8,8,45.3,54.6,874,0.9908,7549.0,1,15.1,1.8,0,0,dqn,rl_v2,0,0
1322,12,8,60.3,61.9,991,0.9761,7553.0,1,15.4,2.0,0,4,dqn,rl_v2,0,0
1323,12,8,117.0,80.9,1294,0.9383,7557.0,0,15.9,2.7,0,4,dqn,rl_v2,0,0
1324,12,11,89.3,76.9,1415,0.9714,7562.5,0,15.6,2.5,0,1,dqn,rl_v2,0,0
1325,12,11,76.2,73.6,1354,0.9769,7568.0,0,15.0,2.4,0,1,dqn,rl_v2,0,0
1326,12,11,59.2,58.9,1295,0.9823,7573.5,0,14.8,2.3,0,1,dqn,rl_v2,0,0
1327,12,12,23.0,47.4,1081,1.0,7579.5,0,14.6,1.8,0,0,dqn,rl_v2,0,0
1328,12,12,9.6,40.8,931,1.0,7585.5,0,14.0,1.5,0,0,dqn,rl_v2,0,0
1329,12,12,9.1,33.4,801,1.0,7591.5,0,14.5,1.3,0,0,dqn,rl_v2,0,0
1330,12,12,8.6,31.1,747,1.0,7597.5,0,14.3,1.2,0,0,dqn,rl_v2,0,0
1331,12,12,8.0,29.6,711,1.0,7603.5,0,13.9,1.2,0,0,dqn,rl_v2,0,0
1332,12,12,9.1,29.2,702,1.0,7609.5,0,14.2,1.2,0,0,dqn,rl_v2,0,0
1333,7,7,33.7,49.9,698,1.0,7613.0,1,15.0,1.6,0,0,dqn,rl_v2,0,0
1334,7,7,29.1,47.1,660,1.0,7616.5,0,14.8,1.5,0,0,dqn,rl_v2,0,0
1335,12,7,60.6,59.3,830,0.9814,7620.0,1,15.5,1.9,0,5,dqn,rl_v2,0,0
1336,12,11,10.3,51.1,879,1.0,7625.5,0,15.3,1.6,0,1,dqn,rl_v2,0,0
1337,12,11,9.7,41.8,719,1.0,7631.0,0,14.3,1.3,0,1,dqn,rl_v2,0,0
1338,11,11,9.2,33.9,705,1.0,7636.5,1,14.4,1.3,0,0,dqn,rl_v2,0,0
1339,7,7,37.8,52.4,733,0.9953,7640.0,1,15.2,1.7,0,0,dqn,rl_v2,0,0
1340,7,7,41.6,53.6,750,0.9929,7643.5,0,15.3,1.8,0,0,dqn,rl_v2,0,0
1341,12,7,43.5,54.9,768,0.9903,7647.0,1,15.6,1.8,0,5,dqn,rl_v2,0,0
1342,12,9,8.6,43.9,685,1.0,7651.5,0,14.8,1.2,0,3,dqn,rl_v2,0,0
1343,12,10,9.5,45.1,739,1.0,7656.5,0,14.8,1.2,0,2,dqn,rl_v2,0,0
1344,12,11,9.3,34.9,685,1.0,7662.0,0,14.2,1.2,0,1,dqn,rl_v2,0,0
1345,12,12,10.0,31.9,689,1.0,7668.0,0,14.2,1.1,0,0,dqn,rl_v2,0,0
1346,7,7,23.2,45.7,640,1.0,7671.5,1,15.2,1.5,0,0,dqn,rl_v2,0,0
1347,7,7,21.1,44.9,628,1.0,7675.0,0,15.0,1.5,0,0,dqn,rl_v2,0,0
1348,12,7,23.3,45.8,641,1.0,7678.5,1,14.9,1.5,0,5,dqn,rl_v2,0,0
1349,12,9,8.2,41.9,653,1.0,7683.0,0,14.8,1.4,0,3,dqn,rl_v2,0,0
1350,12,9,9.4,45.6,711,1.0,7687.5,0,14.6,1.6,0,3,dqn,rl_v2,0,0
1351,12,11,9.3,36.1,707,1.0,7693.0,0,14.2,1.3,0,1,dqn,rl_v2,0,0
1352,12,12,9.5,30.0,611,1.0,7699.0,0,14.1,1.0,0,0,dqn,rl_v2,0,0
1353,7,7,38.7,51.1,716,0.9977,7702.5,1,15.2,1.7,0,0,dqn,rl_v2,0,0
1354,6,6,44.1,54.3,652,0.9913,7705.5,1,15.4,1.8,0,0,dqn,rl_v2,0,0
1355,12,6,48.9,56.9,683,0.9862,7708.5,1,15.7,1.9,0,6,dqn,rl_v2,0,0
1356,12,9,9.6,47.1,678,1.0,7713.0,0,15.2,1.5,0,3,dqn,rl_v2,0,0
1357,12,10,9.8,42.8,650,1.0,7718.0,0,14.3,1.3,0,2,dqn,rl_v2,0,0
1358,12,11,8.7,34.5,676,1.0,7723.5,0,14.0,1.2,0,1,dqn,rl_v2,0,0
1359,12,11,8.9,34.5,717,1.0,7729.0,0,13.9,1.3,0,1,dqn,rl_v2,0,0
1360,12,11,9.0,31.5,694,1.0,7734.5,0,14.1,1.2,0,1,dqn,rl_v2,0,0
1361,12,12,9.6,27.8,633,1.0,7740.5,0,14.0,1.0,0,0,dqn,rl_v2,0,0
1362,7,7,14.6,42.6,597,1.0,7744.0,1,14.6,1.7,0,0,dqn,rl_v2,0,0
1363,6,6,40.9,52.7,632,0.9947,7747.0,1,15.6,1.7,0,0,dqn,rl_v2,0,0
1364,6,6,39.3,51.4,617,0.9972,7750.0,0,15.6,1.7,0,0,dqn,rl_v2,0,0
1365,12,6,58.7,61.0,732,0.978,7753.0,1,15.4,2.0,0,6,dqn,rl_v2,0,0
1366,12,10,10.0,41.6,633,1.0,7758.0,0,15.1,1.2,0,2,dqn,rl_v2,0,0
1367,12,12,10.7,38.0,639,1.0,7764.0,0,14.0,1.0,0,0,dqn,rl_v2,0,0
1368,7,7,27.9,47.4,664,1.0,7767.5,1,15.0,1.9,0,0,dqn,rl_v2,0,0
1369,7,7,17.2,43.7,612,1.0,7771.0,0,15.0,1.7,0,0,dqn,rl_v2,0,0
1370,12,7,26.9,48.5,679,1.0,7774.5,1,14.9,1.9,0,5,dqn,rl_v2,0,0
1371,12,10,8.8,38.7,634,1.0,7779.5,0,14.8,1.2,0,2,dqn,rl_v2,0,0
1372,12,11,10.1,33.2,571,1.0,7785.0,0,14.1,1.0,0,1,dqn,rl_v2,0,0
1373,12,11,9.3,30.5,635,1.0,7790.5,0,14.2,1.1,0,1,dqn,rl_v2,0,0
1374,12,12,9.2,29.9,681,1.0,7796.5,0,14.1,1.1,0,0,dqn,rl_v2,0,0
1375,6,6,76.1,67.3,808,0.9653,7799.5,1,15.7,2.2,0,0,dqn,rl_v2,0,0
1376,7,6,80.8,68.6,823,0.9628,7802.5,1,15.6,2.2,0,1,dqn,rl_v2,0,0
1377,12,6,65.3,61.8,741,0.9765,7805.5,1,15.5,2.0,0,6,dqn,rl_v2,0,0
1378,12,10,10.2,47.6,723,1.0,7810.5,0,15.0,1.4,0,2,dqn,rl_v2,0,0
1379,12,10,9.3,44.6,678,1.0,7815.5,0,14.3,1.3,0,2,dqn,rl_v2,0,0
1380,12,10,9.3,36.0,721,1.0,7820.5,0,14.3,1.4,0,2,dqn,rl_v2,0,0
1381,12,11,8.8,36.0,748,1.0,7826.0,0,14.2,1.3,0,1,dqn,rl_v2,0,0
1382,12,12,10.1,40.9,883,1.0,7832.0,0,14.5,1.4,0,0,dqn,rl_v2,0,0
1383,12,12,10.5,34.2,779,1.0,7838.0,0,13.8,1.3,0,0,dqn,rl_v2,0,0
1384,12,12,8.7,35.7,856,1.0,7844.0,0,14.4,1.4,0,0,dqn,rl_v2,0,0
1385,12,12,10.0,33.5,803,1.0,7850.0,0,14.3,1.3,0,0,dqn,rl_v2,0,0
1386,12,12,10.1,29.2,702,1.0,7856.0,0,14.3,1.2,0,0,dqn,rl_v2,0,0
1387,12,12,9.1,29.8,715,1.0,7862.0,0,13.9,1.2,0,0,dqn,rl_v2,0,0
1388,7,7,24.0,46.6,653,1.0,7865.5,1,14.9,1.5,0,0,dqn,rl_v2,0,0
1389,7,7,34.6,50.1,702,0.9997,7869.0,0,15.1,1.6,0,0,dqn,rl_v2,0,0
1390,12,7,34.9,51.0,714,0.998,7872.5,1,14.8,1.7,0,5,dqn,rl_v2,0,0
1391,12,9,9.3,45.3,707,1.0,7877.0,0,14.9,1.5,0,3,dqn,rl_v2,0,0
1392,12,10,9.0,42.6,698,1.0,7882.0,0,14.2,1.4,0,2,dqn,rl_v2,0,0
1393,12,12,9.0,32.5,664,1.0,7888.0,0,14.0,1.1,0,0,dqn,rl_v2,0,0
1394,7,7,17.7,43.9,615,1.0,7891.5,1,14.5,1.4,0,0,dqn,rl_v2,0,0
1395,7,7,66.2,63.2,885,0.9736,7895.0,0,15.4,2.1,0,0,dqn,rl_v2,0,0
1396,12,7,55.2,62.1,870,0.9757,7898.5,1,15.4,2.0,0,5,dqn,rl_v2,0,0
1397,12,10,9.7,42.2,692,1.0,7903.5,0,14.8,1.1,0,2,dqn,rl_v2,0,0
1398,12,11,9.9,40.7,700,1.0,7909.0,0,14.3,1.3,0,1,dqn,rl_v2,0,0
1399,12,12,11.1,34.5,746,1.0,7915.0,0,14.1,1.2,0,0,dqn,rl_v2,0,0
1400,7,7,31.6,50.0,700,1.0,7918.5,1,15.2,1.6,0,0,dqn,rl_v2,0,0
1401,7,7,36.0,52.4,734,0.9951,7922.0,0,14.9,1.7,0,0,dqn,rl_v2,0,0
1402,12,7,42.4,53.1,744,0.9937,7925.5,1,15.0,1.7,0,5,dqn,rl_v2,0,0
1403,12,8,25.4,50.3,744,1.0,7929.5,0,15.1,1.5,0,4,dqn,rl_v2,0,0
1404,12,10,10.0,46.9,769,1.0,7934.5,0,14.6,1.3,0,2,dqn,rl_v2,0,0
1405,12,11,10.9,48.6,894,1.0,7940.0,0,14.3,1.6,0,1,dqn,rl_v2,0,0
1406,12,11,8.9,38.0,790,1.0,7945.5,0,14.2,1.4,0,1,dqn,rl_v2,0,0
1407,12,11,9.4,32.5,714,1.0,7951.0,0,14.1,1.3,0,1,dqn,rl_v2,0,0
1408,12,12,9.9,31.2,711,1.0,7957.0,0,14.0,1.2,0,0,dqn,rl_v2,0,0
1409,12,12,10.0,32.5,742,1.0,7963.0,0,14.0,1.2,0,0,dqn,rl_v2,0,0
1410,7,7,46.6,56.7,794,0.9866,7966.5,1,15.2,1.9,0,0,dqn,rl_v2,0,0
1411,7,7,52.6,58.3,816,0.9834,7970.0,0,15.4,1.9,0,0,dqn,rl_v2,0,0
1412,12,7,49.1,58.3,816,0.9834,7973.5,1,15.5,1.9,0,5,dqn,rl_v2,0,0
1413,12,9,21.9,50.9,794,1.0,7978.0,0,15.0,1.4,0,3,dqn,rl_v2,0,0
1414,12,11,10.7,44.5,766,1.0,7983.5,0,14.5,1.4,0,1,dqn,rl_v2,0,0
1415,12,12,10.0,38.2,780,1.0,7989.5,0,14.1,1.3,0,0,dqn,rl_v2,0,0
1416,8,8,16.9,44.1,705,1.0,7993.5,1,14.5,1.7,0,0,dqn,rl_v2,0,0
1417,11,8,30.6,49.2,787,1.0,7997.5,1,15.1,1.9,0,3,dqn,rl_v2,0,0
1418,12,9,11.3,43.6,733,1.0,8002.0,1,14.7,1.6,0,3,dqn,rl_v2,0,0
1419,12,12,9.6,34.6,664,1.0,8008.0,0,14.0,1.1,0,0,dqn,rl_v2,0,0
1420,12,12,9.4,36.3,741,1.0,8014.0,0,14.2,1.2,0,0,dqn,rl_v2,0,0
1421,7,7,37.3,50.8,711,0.9984,8017.5,1,15.0,1.7,0,0,dqn,rl_v2,0,0
1422,7,7,31.7,50.0,700,1.0,8021.0,0,15.4,1.6,0,0,dqn,rl_v2,0,0
1423,12,7,39.2,52.7,738,0.9946,8024.5,1,15.1,1.7,0,5,dqn,rl_v2,0,0
1424,12,10,8.9,45.0,738,1.0,8029.5,0,14.5,1.5,0,2,dqn,rl_v2,0,0
1425,12,11,9.2,48.6,836,1.0,8035.0,0,14.4,1.5,0,1,dqn,rl_v2,0,0
1426,12,11,9.4,39.1,813,1.0,8040.5,0,14.3,1.5,0,1,dqn,rl_v2,0,0
1427,12,12,9.9,34.0,776,1.0,8046.5,0,14.2,1.3,0,0,dqn,rl_v2,0,0
1428,12,12,9.7,33.0,753,1.0,8052.5,0,14.1,1.2,0,0,dqn,rl_v2,0,0
1429,12,12,8.8,28.8,691,1.0,8058.5,0,14.1,1.1,0,0,dqn,rl_v2,0,0
1430,12,12,9.1,28.7,689,1.0,8064.5,0,14.0,1.1,0,0,dqn,rl_v2,0,0
1431,7,7,22.1,46.9,656,1.0,8068.0,1,14.9,1.5,0,0,dqn,rl_v2,0,0
1432,7,7,8.0,40.0,560,1.0,8071.5,0,14.7,1.3,0,0,dqn,rl_v2,0,0
1433,12,7,12.1,41.9,587,1.0,8075.0,1,14.6,1.4,0,5,dqn,rl_v2,0,0
1434,12,9,10.0,37.9,591,1.0,8079.5,0,14.6,1.1,0,3,dqn,rl_v2,0,0
1435,12,12,10.1,35.4,637,1.0,8085.5,0,14.3,1.0,0,0,dqn,rl_v2,0,0
1436,6,6,29.4,48.5,582,1.0,8088.5,1,15.2,1.6,0,0,dqn,rl_v2,0,0
1437,7,6,28.4,49.3,592,1.0,8091.5,1,15.3,1.6,0,1,dqn,rl_v2,0,0
1438,12,6,26.7,47.2,567,1.0,8094.5,1,15.4,1.5,0,6,dqn,rl_v2,0,0
1439,12,11,10.3,37.9,606,1.0,8100.0,0,14.4,1.1,0,1,dqn,rl_v2,0,0
